Input,Target,Prediction
narsanhar,नरसंहार,नरसानार
yashpal,यशपाल,यशपाल
kiliyan,किलियन,किलियां
arth,अर्थ,र्थ
sayra,सायरा,सायरा
sochane,सोचने,सोचने
swiftlet,स्विफ्टलेट,स्विफ्टलेट
virodhabhason,विरोधाभासों,विरोधाभसों
anurit,अनुरीत,अनुरीत
kachche,कच्चे,च्चेे
priyamani,प्रियामणि,प्रियमनी
shakhayan,शाखाएं,शाखायन
najriyon,नजरियों,नज़रियों
madaura,मढ़ौरा,मदारा
gouchar,गोचर,गुचर
mahavishnu,महाविष्णु,महाविष्णु
chanan,चानन,ननन
agr,अग्र,गरर
nazarandaaz,नजरंदाज,नज़रंदाज
celery,सैलरी,सेल्री
avarnataa,अवर्णता,अवर्णता
denewali,देनेवाली,देनेवाली
nicky,निकी,निक्ली
farukhabad,फर्रुखाबाद,फरुखबा़ाड़
beemon,बीमों,बीमों
vaimanya,वैमनस्य,वैमान्य
chhutne,छूटने,छुटने
veronika,वेरोनिका,वरोनिका
aurora,औरोरा,औरोड़ा
mahantam,महानतम,महांतम
awaazon,आवाज़ों,अवाजों
mhamantra,महामंत्र,महामंत्र
jenni,जेनी,जनेनी
kurmi,कुर्मी,कुर्मी
rodrigo,रोड्रिगो,रोड्रिगो
chikitsakon,चिकित्सकों,चिकित्साकों
varshan,वर्शन,वर्षण
ehsaas,एहसास,एहसास
kamtar,कमतर,कामतार
kabren,कब्रें,कबरें
pahanate,पहनते,पहनते
jeevanshaili,जीवनशैली,जीवनशैली
pakayen,पकाएं,पकाएं
maid,मैड,एम्द
kalika,कलिका,कलिका
bounceron,बाउंसरों,बॉनसरों
gtor,जीतोड़,गटोर
siswa,सिसवा,सिस्वा
baramade,बरामदे,बरामदे
benis,बेनिस,बेनिस
yari,यारी,यरी
sambhalne,संभालने,संभालने
chhink,छींक,छिंक
ghumakkaron,घुमक्कड़ों,घुमक्करों
yorker,यॉर्कर,योरकर
dilaaye,दिलाये,दिलाए
hegde,हेगडे,गेड
billa,बिल्ला,बिल्ला
punchang,पंचांग,पंचांग
chimti,चिमटी,चिमटि
gandha,गंध,गंधा
bhariy,भारीय,भारीय
valve,वाल्व,वालवे
jiniva,जिनीवा,जिनीवा
milkiyat,मिल्कियत,मिलकियत
nabz,नब्ज़,नब्ज
virajati,विराजती,विराजति
haarjeet,हारजीत,हार्जीत
spear,स्पीयर,प्पीयर
dikhaai,दिखाई,दिखाई
chahunaur,चहुंओर,चाहुनौर
vishnu,विष्णु,विश्नु
pranit,प्रनीत,प्राणित
bhraant,भ्रांत,भरांत
caitlyn,कैटलिन,केटलिन
aarya,आर्यो,आर्य
akram,अकरम,कराम
vigyaanon,विज्ञानों,विज्ञानों
tapuwo,टापुओं,टपूपों
upadraviyon,उपद्रवियों,उपद्रवियों
naukri,नोकरी,नौकरी
vigyani,विज्ञानी,विज्ञानी
cant,कांट,ंट
trijata,त्रिजटा,त्राजाता
bhav,बहाव,भाव
keynote,कीनोट,कीनोट
fuji,फ्यूजी,फूजि
dhandhon,धंधों,धंधों
nagaadaa,नगाड़ा,नगादा
charas,चरस,चररस
mimicry,मिमिक्री,माइमिक्री
dvc,डीवीसी,डीसी
vidhansabhaein,विधानसभाएं,विधानसभाएं
rovan,रोवन,रोवन
dharmesh,धर्मेश,धर्मेश
karybhar,कार्यभार,कार्यभार
pushpa,पुष्पा,पुष्पा
prahad,प्रह्लाद,र्राहद
badhaati,बढ़ाती,बढ़ाती
khyber,ख़ैबर,ख्यबर
pakaayen,पकाएं,पकाएं
dhak,धाक,पक
lahna,लहना,लहना
maukon,मौकों,मौकों
abbott,एबोट,अब्बोट
tired,टायर्ड,रीर्ड
uplakshya,उपलक्ष्य,उपलक्ष्य
ail,ऐल,लील
dikhaaiye,दिखाइये,दिखाईए
boliy,बोलिए,बोलिय
sabah,साबाह,सबाह
dinank,दिनांक,दिनांक
lovasa,लवासा,लवासा
rukate,रुकते,रुकते
atwal,अटवाल,अतवल
ilaichi,इलाइची,इलाइची
vareinye,वरेण्य,वरीने
dhuan,धुआं,ुनन
matix,मैट्रिक्स,मैटिक्स
angkor,अंकोर,अंगकोर
prapaaton,प्रपातों,प्रपातों
patachep,पटाक्षेप,पाचाेप
saltnat,सल्तनत,सल्टनेट
patakshep,पटाक्षेप,पतक्षेप
rahenge,रहेंगे,रहेंगे
dose,डोज,ोससे
bhootal,भूतल,भूतल
jalbharav,जलभराव,जलभारव
bhairo,भैरो,भैरो
badata,बढ़ाता,बाता
risaney,रिसने,रिसने
talabgaar,तलबगार,तलबगबार
fund,फंड,फंड
uthaakar,उठाकर,उठाकार
khinchakar,खिंचकर,खिंचकर
larry,लैरी,लारी
kapdi,कापड़ी,कपड़ी
farse,फरसे,फार्स
tanish,टैनिस,तनीष
machaanon,मचानों,मचानों
ot,ओत,ओट
kav,काव,कवव
aswbhavik,अस्वभाविक,अस्वभाविक
pahlaa,पहला,पहला
parleron,पार्लरों,पर्लरों
byavar,ब्यावर,ब्यवर
chamkana,चमकना,चमकाना
ehsas,एहसास,एहसा
shrungar,शृंगार,शुंगर
anukulta,अनुकूलता,अनुकुलता
taboo,टैबू,तबू
seem,सीम,एम
franciska,फ्रांसिस्का,फ्रैंसिस्का
thaile,थैले,ठले
lanset,लैंसेट,लांसेट
tribunal,ट्रिब्युनल,त्रिबुनल
nokari,नोकरी,नोकरी
jaaunch,जाँच,जौंच
sandhan,संधान,संधन
aaryan,आर्यों,आर्यन
daddy,डैडी,द्द्य
kochi,कोच्चि,कोचि
aulakh,औलख,औलख
vinasht,विनष्ट,विनाष्ट
megapixel,मेगापिक्सल,मैगपीक्सल
transfer,ट्रान्सफर,ट्रांसफर
dungarpur,डूंगरपुर,दुंगरपुर
aise,ऐसे,सेज
kamaauu,कमाऊ,कामौउ
aasteen,आस्तीन,आस्तीन
rumani,रुमानी,रुमानी
janganana,जनगणना,जनगनना
nineteez,नाइनटीज,निनेटीज
damale,दामले,दमाले
kambalon,कंबलों,कंबलों
bharate,भरते,भरते
asian,एशियन,साईन
billaa,बिल्ला,बिल्ला
proud,प्रौढ,प्रुड
uzbek,उज़्बेक,उज़्बेक
jha,झ,झा
maryada,मर्यादा,मर्यदा
shayak,शायक,शायक
aawajon,आवाज़ों,आवाजों
soy,सोय,साय
humlavar,हमलावर,हुमलावर
kangan,कंगन,कंगन
ghisi,घिसी,घिसी
scandinavia,स्कैंडिनेविया,स्कंडिनेविया
ashanka,आशंका,शशंका
mta,एमटीए,टा
emi,एमी,एमी
mahanatam,महानतम,महानतम
canterbury,कैंटरबरी,केंटरबर्य
tennis,टैनिस,टेनिस
ganthon,गांठों,गंठों
chiththi,चिट्ठी,चित्ति
bodraa,बोदरा,बोदरा
bhutal,भूतल,भूतल
mhavidyan,महाविज्ञान,महाविद्ञान
seti,सेटी,सेटी
ghanakar,घनाकार,घनकर
jajon,जजों,जजों
bnaam,बनाम,नामाम
agyaat,अज्ञात,जज्ञात
velkan,वल्कन,वेल्कन
pau,पौ,ौौ
chhupata,छुपता,छुपता
hanfte,हांफते,हनफ्ते
chhetr,छेत्र,छेत्र
qawwali,कव्वाली,कववाली
dhuriya,धुरिया,धुरीय
taja,ताजा,तजा
dikhlaa,दिखला,दिखला
ghummakkadon,घुमक्कड़ों,घुम्मक्ादों
bayern,बायर्न,बेयरन
aasaan,आसान,आसान
sapramaan,सप्रमाण,सप्रमाण
ganthe,गांठे,गठंते
dayityon,दायित्वों,दयित्यों
mausa,मौसा,मौसा
bajuon,बाजुओं,बजुओं
wonder,वंडर,नदर
sapne,सपने,पने
chhetthri,छेत्री,छेत्तरी
mardani,मरदानी,मर्दानी
sarguja,सरगुजा,सररगुजा
rodolph,रुडोल्फ,रोडोल्फ
box,बाॅक्स,बोक्स
sukhakar,सूखाकर,सुखाकर
besahaaraa,बेसहारा,बेसहारा
chitthi,चिट्ठी,चित्ति
tarko,तर्कों,तर्को
kanthhar,कंठहार,कंठर
processing,प्रॉसेसिंग,प्रोसेसिंग
ghot,घोट,घोट
sanyukta,संयुक्त,सान्युक्त
jodiyon,जोड़ियों,जोड़ियों
pataraani,पटरानी,पतरानी
dita,दिता,दीता
nitya,नित्या,नित्य
sulati,सुलाती,सुलाती
jyotiba,ज्योतिबा,ज्योतिबा
sierra,सिएरा,सीर्
koling,कोलिंग,कोलिंग
dikhayin,दिखाईं,दिखाइन
arya,आर्य,र्य
tagde,तगड़े,टगड़े
bull,बुल,बुल्ल
baago,बागो,बागो
mam,मम,म
khachakhach,खचाखच,खचाचच
gutta,गुट्टा,गुट्टा
pardesi,परदेसी,पर्देशी
padegaa,पड़ेगा,पदेगा
hui,हुईं,उई
beesavaan,बीसवां,बीसवान
kamatar,कमतर,कमातर
submit,सबमिट,सुम्तित
gandh,गंध,ंधध
vishwasaniy,विश्वसनीय,विश्वसनीय
hahakar,हाहाकार,हहरकर
jinon,जीनों,जिनों
gyatavya,ज्ञातव्य,ज्ञातव्य
posta,पोस्ता,पोस्ता
chidchidapan,चिड़चिड़ापन,चिड़चिड़ापन
vidyaon,विद्याओं,विद्याओं
lalpur,लालपुर,लालपुर
ubal,उबाल,उबल
amdi,आमदी,मैडी
raalod,रालोद,रालोद
lehna,लहना,लहना
daav,दाव,ाव
dalbadl,दलबदल,दलबदल
samprati,संप्रति,संप्रति
trott,ट्रॉट,त्रोत्त
achyut,अच्युत,अच्युत
mehaman,मेहमान,मेहमान
udant,उदंत,उदानत
sube,सूबे,बुबे
vigyan,विज्ञान,विज्ञान
bageechi,बगीची,बगीची
insurance,इंश्योरेंस,इंसरैंस
jajamau,जाजमऊ,जजमाऊ
putliyon,पुतलियों,पुतलियों
bhaya,भय,भया
privacy,प्राइवेसी,प्रीवासी
urgent,अर्जेंट,अर्गेंट
eesa,एेसा,ईसा
khaibar,ख़ैबर,खैबर
gudna,गुदना,गुदना
chaudahavan,चौदहवां,चौदहवां
lace,लैस,सेस
fyuji,फ्यूजी,फियझी
pangolin,पैंगोलिन,पंजोलीन
chidhate,चिढ़ते,चिढ़ते
maarvaad,मारवाड़,मार्वाद
siwan,सिवान,सिवान
achambha,अचंभा,अचंभा
stone,स्टोन,स्टोन
suneeti,सुनीति,सुनीति
tirthatan,तीर्थाटन,तीर्थतां
hakikat,हकीकत,हकीकत
mauritious,मॉरिशस,मॉरीशस
ruktey,रुकते,रुक्ते
baniya,बनिया,बनिया
earth,अर्थ,जृत्थ
karchhana,करछना,कर्चचना
jaidayal,जयदयाल,जैदायल
jajmau,जाजमऊ,जजमाऊ
cubeck,क्यूबेक,कब्क
endometrial,एंडोमेट्रियल,एंडोमीटल
anukulata,अनुकूलता,अनुकुलता
pipraa,पिपरा,पिप्रा
rabin,राबिन,रबीन
nauu,नाऊ,नौऊ
mitaao,मिटाओ,मीताओ
juban,ज़ुबान,भूबान
mainan,मैनन,मैनन
sakshan,सक्शन,साक्षण
dalbadal,दलबदल,दलबदल
rasayanik,रासायनिक,रसायनिक
purvabhaas,पूर्वाभास,पूर्वाभास
tippnikar,टिप्पणीकार,तिप्पनिकर
gayen,गाएं,गाएं
gosvami,गोस्वामी,गोस्वामी
danptiyon,दंपतियों,दानपतियों
najarandaaz,नजरंदाज,नज़रंदाज
ulema,उलेमा,उलेमा
spray,स्प्रे,प्राय
girjagharon,गिरजाघरों,गिरजाघरों
aprihary,अपरिहार्य,अप्रिहर्य
naksali,नक्सली,नकसाली
duneerti,दुर्नीति,दुनीरती
kapadi,कापड़ी,कपाड़ी
signals,सिगनल्स,सिगनल्स
panter,पंटर,पंतर
betul,बैतूल,बेटल
abantit,आबंटित,अबंतित
palatne,पलटने,पलटने
sochne,सोचने,ोचने
mad,मैड,द
ralaud,रालोद,रालौद
longewala,लोंगोवाल,लोंगेवाला
avirl,अविरल,वैर्ल
bani,बानी,बनि
dabholkar,दाभोलकर,दभोलकर
ghost,घोस्ट,घोस्त
munaf,मुनाफ,मुनफ
jeetod,जीतोड़,जीतोड़
uttara,उत्तरा,उत्तरा
falibhoot,फलीभूत,फलीभूत
aaryika,आर्यिका,आरिया
qawwaliyon,कव्वालियों,क्ववलियों
colon,कोलन,कलन
swipe,स्वैप,स्वीपी
chand,चंद,ंद
programmers,प्रोग्रामर्स,प्रोग्रामर्स
pushpon,पुष्पों,पुष्पपों
uplabdhi,उपलब्धी,उपलाबधी
lalkarta,ललकारता,ललकर्ता
bandhate,बांधते,ंदथते
ripan,रिपन,रिपन
liberation,लिबरेशन,लिबरेशन
samahaar,समाहार,समाहार
faisala,फ़ैसला,फैसला
lenset,लैंसेट,लेंसेट
usmen,उसमें,उस्में
theaters,थिएटर्स,थीटर्स
gadkar,गडकर,गड़कर
charge,चार्ज,सर्ज
aryama,अर्यमा,राय्मा
consultant,कंसलटेंट,कंसल्टेंट
farookhnagar,फर्रूखनगर,फरुखनागर
mohini,मोहिनी,मोहिनी
baani,बानी,बानी
banthia,बांठिया,बंठिया
kalpanaon,कल्पनाओं,कल्पनाओं
idol,आइडल,इदल
mario,मारियो,मारियो
jivant,जीवंत,जीवंत
pitaamaha,पितामह,पितामह
piega,पिएगा,पिएगा
kamottejna,कामोत्तेजना,कमोत्तजेन
sapane,सपने,पाने
yarushalem,यरूशलेम,यारुशालेम
pisa,पीसा,पिसा
labelo,लेबलों,लबेलो
acchi,अच्छी,च्छि
sambit,संबित,संबित
skootaron,स्कूटरों,स्कूतरों
nikalogi,निकलेगी,निकलोगी
pages,पेजेज,पेजेस
sasakon,शासकों,सासकों
pichhade,पिछड़े,पिछड़े
parishadiya,परिषदीय,परिशदीय
janhaani,जनहानि,जनहानि
vastavik,वास्तविक,वास्ताविक
cricketer,क्रिकेटर,क्रिक्टर
rampur,रामपुर,रामपुर
yda,यदा,दा
vytit,व्यतीत,व्यटीत
tagade,तगड़े,टडड़े
mahamantra,महामंत्र,महामंत्र
chhuree,छुरी,छुरी
agvaai,अगवाई,गजाई
hardas,हरदास,हरदास
padhaa,पढ़ा,धाा
vaisley,वेस्ले,वैसले
aajmaanaa,आजमाना,आजमाना
chhuri,छुरी,छुरी
failaiya,फैलाइए,फैलाइया
singhaadey,सिंघाड़े,सिंहाडे
junior,जूनियर,जुनियर
khatakti,खटकती,खटकति
chabutre,चबूतरे,चबूतरे
kahne,कहने,खहने
seto,सेटो,सीटो
amaanat,अमानत,ममानत
stanadhari,स्तनधारी,स्तनाधारी
singer,सिंगार,सिंगर
chhupkr,छुपकर,छुपकर
wajood,वजूद,वजूद
motive,मोटिव,मोटीव
rounder,राउंडर,राउंडर
matsyavtar,मत्स्यावतार,मात्स्ववतार
parishadon,परिषदों,परिशदों
cheh,छह,हे
phatane,फटने,पटने
yuddhrat,युद्धरत,युद्धृत
aalochakon,आलोचकों,आलोचकों
jeewan,जीवन,जीवन
offshore,ऑफशोर,ऑफशोर
lebalon,लेबलों,लेबलों
granite,ग्रेनाइट,ग्रेनिट
shanghai,शंघाई,शंघाई
goel,गोयल,गॉल
alnkaaron,अलंकारों,अलंकारों
nau,नाऊ,ौऊ
holding,होल्डिंग,होल्डिंग
harjeet,हारजीत,हर्जीत
bhaunhon,भौंहों,भौंहों
jetha,जेठा,जठा
pathyakramon,पाठ्यक्रमों,पाठ्यक्रमों
hymen,हाइमन,यमेन
wastinghouse,वेस्टिंगहाउस,वास्टिंहटल
teekamgarh,टीकमगढ़,तीकमगढ़
bodra,बोदरा,बोदरा
mavey,मावे,वेय
chipkane,चिपकने,चिपकाने
parnel,पार्नेल,पर्नेल
mhapauron,महापौरों,महापौरों
saabah,साबाह,साबाह
hamaal,हमाल,हमाल
pammi,पम्मी,पम्मी
waan,वाण,ान
raktaabh,रक्ताभ,रक्ताभ
mem,मेम,मीम
jaankaron,जानकारों,जानकरों
dipsingh,दीपसिंह,दीप्सिंह
bhuli,भूली,भुलि
refaeli,रेफेली,रेफाइली
tanbe,तांबे,नबेब
sipahi,सिपाही,सिपाही
khoikhoi,खोईखोई,खोईखोई
nahargadh,नाहरगढ,नहर्गढ़
sthitiyon,स्थितियों,स्थितियों
fode,फोड़े,फोड
narnaari,नरनारी,नर्नारी
sims,सिम्स,सिम्स
cric,क्रिक,क्रिक
pmch,पीएमसीएच,म्च
raubdar,रौबदार,रौबदार
jaun,जौं,ऊन
suljayi,सुलझाई,सुलजाई
chillane,चिल्लाने,चिल्लेन
vaigyanikta,वैज्ञानिकता,वैग्ञानिकता
devisinh,देवीसिंह,देविसिंह
tapkati,टपकती,तपकति
baljeet,बलजीत,बल्जीत
peetne,पीटने,पीतने
mahlon,महलों,महलों
chhah,छह,छाह
brant,भ्रांत,रंत
mhantam,महानतम,महांतम
farmion,फर्मिऑन,फर्मियों
fikra,फिक्र,फीक्र
falta,फलता,फलता
dhandon,धंधों,ढांडों
praneet,प्रनीत,प्राणीत
seth,सेथ,सेथ
manipal,मणिपाल,मनिपाल
cube,क्यूब,कबबे
amanat,अमानत,ममानत
jatra,जतरा,जात्र
sitaharan,सीताहरण,सिताहरण
sarkaron,सरकारों,सर्कारों
jayalalithaa,जयललिता,जयललिठा
damoh,दमोह,दमोह
nishpaap,निष्पाप,निष्पाप
mangani,मांगनी,मंगानी
simmy,सिमी,सममी
matsyavatar,मत्स्यावतार,मत्स्यवतर
niveshkartaa,निवेशकर्ता,निवेशकर्ता
yojanaein,योजनाएं,योजनाएं
putin,पुतिन,पुटिन
dolane,डोलने,डोलने
pale,पले,पले
naivegh,नैवेद्य,नैवेघ
dhyeywadi,ध्येयवादी,ध्येवादी
shawn,शॉन,शवन
picking,पीकिंग,पिकिंग
taaza,ताजा,तजाा
abhi,अभी,भाभी
kaku,काकू,काकु
thahrane,ठहरने,ठहराने
kailana,कायलाना,कैलना
wadiyon,वादियों,वाडियों
amy,एमी,म्य
phogat,फोगाट,पोगत
sanchalnon,संचालनों,संचलनों
paramparikta,पारंपरिकता,पररंपारिकता
khurpaka,खुरपका,खुरपाका
sanketik,सांकेतिक,संकेतिक
bandhte,बांधते,ंद्ठते
aset,असेट,सैस
phatne,फटने,पटने
crick,क्रिक,क्रिक
dhrupad,ध्रुपद,ध्रुपद
jhilon,झीलों,घिलों
labdh,लब्ध,लब्ध
barhad,बरहद,रारहद
mahinon,महीनों,महिनों
bahulya,बाहुल्य,बहुल्य
likhakar,लिखकर,लिखकर
bhayo,भयो,भयो
laksar,लक्सर,लक्सर
emile,एमिल,एमिल
rajneetikaran,राजनीतीकरण,राजनीतिकरण
besahara,बेसहारा,बेसहरा
amitao,अमिताव,अमिताओ
bachti,बचती,बचटी
samnvyak,समन्वयक,सममनव्यक
ragon,रागों,रगों
shringaar,शृंगार,श्रींगार
label,लेबल,लेबेल
talabgar,तलबगार,तलबगबर
matpatron,मतपत्रों,मातपत्रों
shaishav,शैशव,शैशाव
pahno,पहनो,पहनो
mejbaani,मेजबानी,मेबबानी
baag,बाग,बग
chatushkoniy,चतुष्कोणीय,चटुशकोंहीय
aake,आके,के
aavishkaar,आविष्कार,आविष्कार
pathshalayen,पाठशालाएं,पथशशालयें
racer,रेसर,रेसर
granthiyon,ग्रंथियों,ग्रांठियों
talawe,तलवे,तलावे
savaal,सवाल,सावल
ghumakkadon,घुमक्कड़ों,घुमक्कड़ों
clasen,क्लासें,क्लासें
bosaan,बोसान,बोसान
tarfa,तरफा,तरफा
talve,तलवे,तलवे
prapt,प्राप्त,प्रप्त
kisaani,किसानी,किसानी
chhalla,छल्ला,छल्ला
mates,मेट्स,मैट्स
farth,फर्थ,फरर्थ
breed,ब्रीद,ब्रीड
chhupkar,छुपकर,छुपकर
ruby,रुबी,रूबी
suneyga,सुनेगा,सुनेगा
mardangi,मर्दानगी,मर्दांगी
jeneva,जिनीवा,जेनेवा
ardas,अरदास,अर्दास
untees,उनतीस,उंटीस
yudhrat,युद्धरत,युद्धरत
niveshakartaa,निवेशकर्ता,निवेशकर्ता
dhamm,धम्म,म्म
barsa,बरसा,रारसा
suhagin,सुहागिन,सुहागिन
laegi,लाएगी,लाएगी
cigaretton,सिगरेटों,सिगरेटों
jamaate,जमाती,जमाते
manzil,मंजिल,मंजील
aalochak,आलोचक,आलोचक
moshe,मोशे,ोशे
jaino,जैनों,जैनो
rate,रेट,रेट
sonpne,सौंपने,सनपनन
mas,मास,सा
upabhokta,उपभोक्ता,उपभोक्त
manchiya,मंचीय,मांचिया
bekaaboo,बेकाबू,बेकाू
nrityon,नृत्यों,ऋरित्यों
dikhai,दिखार्इ,दिखाई
jaine,जैने,एमैन
catholicon,कैथोलिकों,कैथलिकों
tyauharon,त्यौहारों,त्यौहारों
darate,डराते,दरते
jamana,ज़माना,मामाा
mitao,मिटाओ,मीताओ
devidson,डेविडसन,देवीदसों
anishwarvadi,अनीश्वरवादी,अनिष्वर्वदी
varsaryache,वर्साचे,वर्सर्यच्च
cil,सीआईएल,सिल
arabab,अरबाब,अरबब
nageene,नगीने,नगीने
registerd,रजिस्टर्ड,रेजिस्टर्ड
pagabadha,पगबाधा,पगाबधा
khushiyan,खुशियां,खुशियां
landal,लेंडल,लैंडल
gr,जीआर,र्प
ekthi,इकठ्ठी,एक्ची
shaniwar,शनिवार,शनिवार
spf,एसपीएफ,प्फफ
ester,एस्टर,एस्टर
ibija,इबीजा,इबिजा
jarda,जर्दा,जर्दा
dhakkal,ढकाल,धक्कल
acapulco,अकापुल्को,अकपुल्को
sahkalakar,सहकलाकार,साहकलकर
dampattiyon,दंपतियों,दम्पत्तियों
dhoraji,धोराजी,धोरजी
balli,बल्ली,बल्ली
theateron,थिएटरों,थीतरों
email,ईमेल,एमिल
galaxiyon,गैलेक्सियों,गलाक्सियों
sthiti,स्तिथि,स्थिति
kamaate,कमाते,कमाते
jadet,जड़ित,जादत
panama,पनामा,पनमा
nihlani,निहलानी,निहलानी
boston,बॉस्टन,बोस्न
premi,प्रेमी,प्रेमी
madhuara,मढ़ौरा,मधुरा
niptara,निपटारा,निपटारा
de,डीई,े
abbot,एबोट,अब्बोट
bulao,बुलाओ,बुलाओ
nichaai,नीचाई,निचाई
vellur,वेल्लूर,वेल्युर
baljit,बलजीत,बल्जीत
maidi,मैडी,मैदी
saja,साजा,जजा
neelaabh,नीलाभ,नीलाभ
bisavan,बीसवां,बीसवन
map,माप,प
barpaayaa,बरपाया,बारपाया
navanagar,नवानगर,नवनगर
salary,सैलरी,लालेरी
bhaate,भाते,भाते
surinama,सूरीनाम,सूरीनामा
gujarata,गुजारता,गुजराता
sarhind,सरहिंद,सरहदिंद
kaaji,काजी,काजी
nishnaat,निष्णात,निश्नत
achanbha,अचंभा,अचंभा
mahipal,महिपाल,महिपल
dit,डिट,िति
wed,वेड,एड
kural,कुराल,कुरल
letakar,लेटकर,लेतकर
alonso,अलोंसो,अलोनसो
najron,नजरों,नज़रों
nanak,नानक,ननक
ladaeyon,लड़ाईयों,लड़ायों
iris,आईरिस,आरिस
badhaon,बाधाओं,बढ़ाओं
marrej,मैरेज,मारेज
misha,मिशा,मिशा
vastvik,वास्तविक,वास्तविक
haalchaal,हालचाल,हालचाल
libration,लिब्रेशन,लिब्रेशन
urfa,उर्फ,उर्फा
raghavan,राघवन,रघावन
melaani,मेलानी,मेलानी
ikatthi,इकठ्ठी,इकट्ठी
shaao,शाओ,शाओ
yaari,यारी,यारी
utane,उतने,उतने
pushkarnaa,पुष्करणा,पुष्कर्ण
siyah,सियाह,सियाह
udhrva,ऊर्ध्व,उध्रवा
broken,ब्रोकन,ब्रोकन
apaardarshi,अपारदर्शी,अपारदर्शी
kasrat,कसरत,कसरत
ranjkta,रंजकता,रांजकता
bhairavnath,भैरवनाथ,भैरावनाथ
fandon,फंदों,फंडों
tenin,टैनिन,टेनिन
kush,कुश,कुश
grandhiyon,ग्रंथियों,ग्रांधियों
jarakh,जरख,जररख
douglas,डगलस,डूगलस
danpati,दंपति,दानपति
sikud,सिकुड़,सिकुड़
flin,फ्लिन,फ्लाइन
mame,मामे,मे
richual,रिचुअल,रिचुआल
vimarsh,विमर्श,विमार्श
bharne,भरने,भरने
sevai,सेंवई,एवाई
sajan,साजन,जान
munnu,मुन्नू,मुन्नु
matrix,मैट्रिक्स,मैट्रिक्स
sherawat,सहरावत,शेरावत
aryon,आर्यों,रयों
belinda,बेलिंडा,बेलिंदा
pahnaati,पहनाती,पहनाती
nihlaani,निहलानी,निहलानी
dhokhebaj,धोखेबाज,धोखेबाज
bhusi,भूसी,भूसी
chhutane,छूटने,छुटने
allergic,एलर्जिक,अलर्जिकिक
hippo,हिप्पो,हिप्पो
ikattha,इकट्ठा,इकट्ठा
alnkaron,अलंकारों,अलंकरों
clay,क्ले,ल्ले
parshdon,पार्षदों,परर्धदों
samprbhu,संप्रभु,संप्रभु
bikherti,बिखेरती,बिखेत्ति
udanen,उड़ानें,उदानें
dhanadhany,धनधान्य,धनाधन्य
anyay,अन्याय,न्याय
dikhai,दिखाई,दिखाई
aerobic,एरोबिक,एरोबिक
jaankaaron,जानकारों,जानकारों
rakhna,रखना,रखना
sphoorti,स्फूर्ति,स्फूर्ती
barsaata,बरसाता,बरसाता
pajej,पेजेज,पजेज
davidson,डेविडसन,द्विद्सन
dark,डॉर्क,रक
dipika,दीपिका,दीपिका
falata,फलता,फलता
benvar,बेंवर,बेनवर
batalvi,बटालवी,बतलवी
bagad,बगड़,बगड़
sahakalakar,सहकलाकार,सहकालकर
nineties,नाइनटीज,निनेटिस
nihaalchand,निहालचंद,निहालचंद
chalenge,चलेंगे,चलेंगे
mamooli,मामूली,ममूली
shrankhalaa,श्रंखला,श्रृंखला
mathe,माथे,ठेे
jitod,जीतोड़,जीतोड़
bharatanatyam,भरतनाट्यम्,भरततनत्यम
handiyaa,हंडिया,हंडिया
vanshvad,वंशवाद,वांशवाद
aawajen,आवाज़ें,आवाजें
cradle,क्रैडल,क्रेडल
susanskrut,सुसंस्कृत,सुसंस्कृत
vadak,वादक,वादक
lahanaa,लहना,लहना
daah,दाह,ाह
doge,दोगे,डेग
caolan,कोलन,कालन
uplabdhiyon,उपलब्धियों,उपलाबधियों
avrodhak,अवरोधक,अवरोधक
sahooliyata,सहूलियत,सहूलियता
chandana,चंदन,चंदना
chhetter,छेत्र,छेत्तर
parikhaen,परीक्षाएं,परिखाएं
sk,एसके,क्स
shabdarth,शब्दार्थ,शब्दार्थ
maas,मास,आस
nelson,नेल्सन,नेल्सन
brock,ब्रोक,ब्रॉक
paneer,पनीर,पनीर
faaf,फाफ,फाफ
kalighat,कालीघाट,कलीघट
munshiganj,मुंशीगंज,मुंशीगनज
aamdan,आमदन,आमदान
kaushalata,कौशलता,कौशलता
chehon,छहों,चेहों
data,दाता,तता
anuthi,अनूठी,ननुथि
tantron,तंत्रों,तंत्रों
prabodhini,प्रबोधिनी,प्रबोधिनी
katasaraj,कटासराज,कटससाज
jokhim,जोखिम,जोखिम
parlouron,पार्लरों,परलौरों
daabholkar,दाभोलकर,दाभोलकर
parabola,पैराबोला,पराबोला
devi,देवी,देवी
samshayon,संशयों,सम्शायों
tantra,तंत्र,तंत्र
launcher,लांचर,लांचर
goyal,गोयल,गोयल
dhiryavan,धैर्यवान,धीर्यावण
sthoolta,स्थूलता,स्थूलता
firmian,फर्मिऑन,फर्मिया
ainth,ऐंठ,ऐंठ
sanskar,संस्कार,सांस्कर
kanindham,कनिंघम,कानिधंम
khand,खंडा,ंड
patkathaein,पटकथाएं,पटकथाएं
naino,नैनो,नैनो
ladate,लड़ते,लड़ते
sanyojnon,संयोजनों,संयोजनों
phalitartha,फलितार्थ,फलीतर्थ
ukrainian,यूक्रेनियन,उक्रैणियन
ghataayaa,घटाया,घटाया
dastana,दस्ताना,दस्ताना
tippanikar,टिप्पणीकार,तिप्पणिकर
maanga,मांगा,मांगा
mum,मम,म
selfie,सेल्फी,सेलफी
thief,थीफ,थीफ
ladaiyon,लड़ाईयों,लड़ायों
bona,बोना,बोना
tyoiharon,त्यौहारों,त्योहारों
shrart,शरारत,र्रार्त
sayara,सायरा,सायरा
khapat,खपत,फपट
kardhe,करघे,कर्ध
brahmlin,ब्रह्मलीन,ब्राह्मलिन
sultana,सुलताना,सुल्ताना
mushahid,मुशाहिद,मुशाहिद
wealth,वेल्थ,जिल्थ
aagman,आगमन,आगमन
naxaliyon,नक्सलियों,नक्सालियों
muller,मूलर,मूलर
fod,फोड़,फोड
putla,पुतला,पुतला
suta,सुता,उताता
yugam,युग्म,युगम
sayan,सायं,सयन
dav,दाव,वव
runners,रनर्स,ननर्स
ashaktataa,अशक्तता,अशक्तता
varsaache,वर्साचे,वर्साचे
destination,डेस्टिनेशन,डिस्टिनेशन
iter,ईटर,इटर
jaatkon,जातकों,जात्कों
maang,मांग,मांग
udharv,ऊर्ध्व,उधारव
khariya,खरिया,खरीया
julahon,जुलाहों,जुलहों
visheshanon,विशेषणों,विशेषणों
palaari,पलारी,पलारी
thumri,ठुमरी,थुम्री
dukhon,दुखों,दुखों
kagaj,कागज़,कागज
vidhut,विधुत,विधूत
main,मैन,एमैन
mufalisi,मुफलिसी,मुफलिसि
rp,आरपी,प
samadhiyon,समाधियों,समाधियों
muhavare,मुहावरे,मुहावरे
sutli,सुतली,सूटली
sweep,स्वीप,स्वीप
dhoondh,ढूंढ,ऊंध
hairam,हैरम,हैराम
multae,मुल्ताई,मूलताए
kpo,केपीओ,प्पो
sure,श्योर,रुए
owem,ओवम,वेम
yatn,यत्न,यतन
achhanera,अछनेरा,अछानेरा
pitamah,पितामह,पितामह
sanbharnt,संभ्रांत,संभर्णत
vegyanik,वैज्ञानिक,वेग्ञानिक
ankon,अंकों,अंकों
vikalpon,विकल्पों,विकल्पों
jerusalem,येरुशलम,जरुर्लें
bastiyon,बस्तियों,बस्तियों
urvarkon,उर्वरकों,उर्वारकों
yariyan,यारियां,यरियां
putliyan,पुतलियां,पूतलियां
malar,मलार,मलर
isht,ईष्ट,शिष्ट
lootmar,लूटमार,लूटमर
anudit,अनूदित,अनुदित
shirshakon,शीर्षकों,शिर्षकों
mejban,मेजबान,मेजबन
ukhrul,उखरुल,ुखरूल
dradh,दृढ़,ध
sivan,सिवान,सिवान
yada,यदा,यदा
tyohar,त्यौहार,त्योहर
ambani,अंबानी,अंबनी
thenga,ठेंगा,ठेंगा
babt,बाबत,बबत
urvarata,उर्वरता,उर्वरता
danshil,दानशील,दंशील
spry,स्प्रे,प्राय
jamaati,जमाती,जमाती
mahavigyan,महाविज्ञान,महाविज्ञान
spelar,स्पेलर,स्पेलर
avrutiyon,आवृत्तियों,अवृतियों
rasad,रसद,रसद
teap,टिप,टीप
hiraganj,हीरागंज,हीरागंज
changed,चेंज्ड,चांगड
rahegi,रहेगी,रहेगी
awashist,अवशिष्ट,अवशिस्त
bhaunho,भौंहों,भौंहो
colorado,कोलोराडो,कलरदो
najibabad,नजीबाबाद,नजीबाबाद
sakara,सकरा,साकरा
rishikul,ऋषिकुल,ऋषिकुल
stress,स्ट्रास,स्ट्रेस
vishwasaniyata,विश्वसनीयता,विश्वसनीयता
avishkar,आविष्कार,अविष्कार
jaibaan,जयबाण,जैबान
mhanideshak,महानिदेशक,महानिदेशक
simmons,साइमंस,साइमनस
enth,ऐंठ,ंठ
gross,ग्रॉस,ग्रोस
spell,स्पेल,स्पेल
kalpnaon,कल्पनाओं,कल्पनाओं
khatakati,खटकती,खटकति
pakaayein,पकाएं,पकाएं
kalmen,कलमें,कलमें
rayan,रयान,रायन
puna,पुना,नुना
anuprayogi,अनुप्रयोगों,अनुप्रयोगी
sakar,सॉकर,साकर
bhavnaon,भावनाओं,भावनाओं
ijajat,इजाजत,इजाज़त
pailoton,पायलटों,पैलोतों
ankor,अंकोर,अंकोर
nagarik,नागारिक,नगरीक
ginate,गिनते,गिनते
engineer,इंजिनियर,इंजीनियर
aashanka,आशंका,आशंका
pharase,फरसे,परसे
pearson,पियरसन,पीरसन
dhamkaataa,धमकाता,धमकाता
pic,पिक,पिक
soccer,सॉकर,सोसर
ryan,रयान,यरान
gic,जीआईसी,गीक
thailee,थैली,थैली
naakaam,नाकाम,नाकाम
bandhan,बंधान,बंधन
craig,क्रेग,क्रेज
mave,मावे,वें
jamayaa,जमाया,जमाया
chee,ची,इी
sujan,सुजेन,सुजन
classen,क्लासें,क्लासेन
khalnayak,खलनायक,खलनायक
snickers,स्नीकर्स,स्नीकर्स
alii,अली,एलि
rotation,रोटेशन,रोटेशन
bouni,बौनी,बौनी
sanchaari,संचारी,संचारी
bhagane,भगाने,भागने
machanno,मचानों,मचानों
putaliyon,पुतलियों,पुतालियों
jununi,जुनूनी,जुनुनी
bhadakaya,भड़काया,भड़काया
batlaae,बतलाए,बतलाई
darra,दर्रा,दररा
aayenge,आयेंगे,आयंगे
paathyakram,पाठ्यक्रम,पाठयक्रम
nanaa,नना,नना
choron,चोरों,चोरों
padmawati,पदमावती,पद्मावती
siddhvat,सिद्धवट,सिद्धवत
pipli,पिपली,पिपलि
pulam,पुलम,पुलाम
dikhayi,दिखायी,दिखाइी
sanskaari,संस्कारी,संस्कारी
vyaktigat,व्यक्तिगत,व्यक्तित
ladai,लड़ाई,लड़ाई
rajnitikaran,राजनीतीकरण,राजनीतिकरण
navya,नव्या,नव्य
durghatna,दुर्घटना,दुर्घटना
angrzi,अंग्रज़ी,अंग्रजी
khajrana,खजराना,खजराना
chor,चोर,कोर
fagua,फगुआ,फागुआ
najim,नजीम,नजीम
wise,वाइज,सीज
pehnakar,पहनाकर,पहनाकर
sujain,सुजैन,सुजाएं
mayorkaa,मयोर्का,मायोराा
barasingha,बारहसिंगा,बरसिंहा
ballistic,बैलिस्टिक,बैलीस्टिक
vipritata,विपरीतता,विपृतता
pulmonary,पल्मोनरी,पुल्मोनर्य
reasonal,रीजनल,रिजोनल
praharak,प्रहारक,प्रहर्क
theatrs,थियेटर्स,थीट्र्स
maksad,मक्सद,मकसद
weronika,वेरोनिका,वरोोनिका
solitaire,सोलिटेयर,सोलीटेयर
khaein,खाएं,हाएं
angadh,अनगढ़,नंगढ़
jwar,ज्वार,वार
aryika,आर्यिका,अरिया
bells,बैल्स,बेल्स
aaram,आराम,आराम
parwaa,परवा,परवा
dealership,डीलरशिप,डिले्शिप
flesh,फ्लेश,फ्लेश
paarampariktaa,पारंपरिकता,पारंपरिकता
killat,किल्लत,किल्लत
reshe,रेशे,रेजे
sulaati,सुलाती,सुलाती
have,हैव,वे
kalpi,कालपी,कल्पी
rupak,रूपक,पुपक
katlari,कटलरी,कतलारी
risne,रिसने,रिसने
aerobics,एरोबिक,एरोबिक्स
judai,जुड़ाई,जुडाई
janahani,जनहानि,जनहानी
maxico,मेक्सिको,मैक्सिको
jayalalita,जयललिता,जयललिता
auchitya,औचित्य,ऑचित्या
capacitor,कैपेसिटर,कैपैक्टर
nazarandaz,नजरंदाज,नज़रंदाज़
bhukh,भूख,भुख़
hippopotamus,हिप्पोपोटेमस,हिप्पोपोट्युस
huppar,हूपर,अपपर
haani,हानी,हानी
ustara,उस्तरा,उस्तरा
fawaare,फव्वारे,फवारे
tanta,तांता,टंटा
chhabi,छबि,छबीबी
bag,बीएजी,गग
ilayichi,इलाइची,इलायची
ronit,रोनित,रोनिट
panpana,पनपना,पनपना
risane,रिसने,रिसने
vibha,विभा,विभा
socar,सॉकर,सोकर
aavriti,आवृत्ति,अवृति
pushkarna,पुष्करणा,पुष्कर्ण
gaye,गए,एए
obrien,ओब्रायन,ओबरिन
sweta,स्वेता,स्वेता
bhupsingh,भूपसिंह,भूपसिंह
prashansanon,प्रशासनों,प्रशंसनों
jockey,जोकि,ोकें
bandage,बैंडेज,बंदगे
jhuthala,झुठला,झूठला
unthak,अनथक,उंथक
duwaidhaayein,दुविधाएं,दुवैधाएं
bhumika,भूमी,भूमिका
adhyayanarat,अध्ययनरत,अध्ययनार्त
bagabani,बागबानी,बगाबानी
dhonaa,धोना,धोना
shaakir,शाकिर,शाकिर
kahlaya,कहलाया,कहलाया
manga,मांगा,मंगा
mangi,मांगी,मंगी
tarkvad,तर्कवाद,तर्कवाद
dabolim,डाबोलिम,दबोलिम
mowgli,मोगली,मोजली
amarohi,अमरोही,अमरोही
halt,हाल्ट,हल्ट
bhabar,भाबर,भाबर
mahapauron,महापौरों,महापौरों
sevakon,सेवकों,सेवाकों
eyarave,एयरवे,एयरवे
yatna,यातना,यातना
dukaanon,दुकानों,दुकानों
najarandaaj,नजरंदाज,नज़रंदाज
sambhalane,संभालने,संभालने
pailot,पायलट,पैलोत
jasper,जैस्पर,जसपेर
badli,बदली,बदली
blossom,ब्लॉसम,ब्लोसाम
padhata,पढ़ाता,धधाता
haan,हां,ान
notes,नोट्स,नोटेस
purple,पर्पल,पुरपल
anavashyak,अनावश्यक,अनावश्यक
tyoharon,त्यौहारों,त्योहारों
laata,लाता,लाता
paraadhin,पराधीन,पराधीन
putaliyaan,पुतलियां,पुतलियां
grenite,ग्रेनाइट,ग्रेनिट
eyer,इअर,रेयर
andrabi,अंद्राबी,अंद्रबी
char,चार,रार
dhuni,धूनी,धुनि
fodaa,फोड़ा,फोडा
dharmraj,धर्मराज,धर्मराज
wlaad,व्लाद,लााद
to,तो,टो
shaili,शैली,शैली
janaganna,जनगणना,जनगन्न
ti,ती,टी
badhotari,बढ़ोतरी,बढ़ोतारी
langar,लंगर,लंगर
eater,ईटर,इटर
dukhan,दुखन,धुखान
bijak,बीजक,बीजक
calling,कोलिंग,केलिंग
kapolkalpana,कपोलकल्पना,कपोलकल्पन
dhaatuein,धातुएं,धातुएं
najraane,नजराने,नज़राने
mega,मेगा,मेगा
man,मैन,न
fefada,फेफड़ा,फीफदा
watson,वाटसन,वाटसों
maangi,मांगी,मांगी
heros,हीरोज,हेरोस
sweet,स्वीट,स्वीत
kasht,काश्त,क्ष्ट
generic,जेनरिक,गेनेरिक
praroop,प्रारूप,प्रारूप
updraviyon,उपद्रवियों,उपद्रवियों
daravani,डरावनी,दरावनी
suja,सूजा,सुजा
pakhandi,पाखंडी,पखंड़ी
furti,फूर्ति,फूर्ती
ninties,नाइनटीज,निंटीज
prakriya,प्रक्रिया,प्रक्रिया
ashariri,अशरीरी,शशारीरी
kundaliyan,कुंडलियाँ,कुंदलियां
maariya,मारिया,मारिया
ghontne,घोंटने,घोंटने
mahapran,महाप्राण,महाप्रण
jvaron,ज्वारों,जवारों
maratha,मराठा,मरतथा
granthiyan,ग्रंथियां,ग्रांथियां
bhooswaami,भूस्वामी,भूस्वामी
kanyaayen,कन्याएं,कन्याएं
vividh,विविध,विविध
anureet,अनुरीत,अनुरीत
chadhane,चढ़ने,चढ़ने
speller,स्पेलर,स्पेलर
tarashay,तराशे,तराशाय
ashktta,अशक्तता,अशक्तता
aradas,अरदास,अरदास
niya,निया,निया
yojanaen,योजनाएं,योजनाएं
nava,नवा,नववा
jajmauu,जाजमऊ,जजमौऊ
pahnakar,पहनाकर,पहनकर
agnat,अज्ञात,गग्नत
samoaa,सामोआ,समोआ
ashrvatath,अश्वत्थ,अश्रवातथ
rana,राणा,नन
saturday,सेटरडे,सतूर्दय
guthalidar,गुठलीदार,गुठलीदार
hoshangabad,होशंगाबाद,होशनगाबाद
jodo,जोड़ो,जोडो
pehan,पहन,घहान
udana,उड़ाना,उदना
bechte,बेचते,इक्टे
isteefe,इस्तीफे,सिस्टीफ
vyabhichar,व्यभिचार,व्याभिचार
modyuls,मॉड्यूल्स,मॉडयुल्स
ishaaraa,इशारा,इशारा
labelling,लेबलिंग,लेबलिंग
federal,फैडरल,फेडरल
blosam,ब्लॉसम,ब्लोसम
jean,जीन,इन
obrayan,ओब्रायन,ओबरायन
dredger,ड्रेजर,द्रेजर
melghat,मेलघाट,मेघ्टाट
mogali,मोगली,मोगली
navketan,नवकेतन,नवकेतन
mukarte,मुकरते,मुकरते
manchon,मंचों,मांचों
deputy,डेप्युटी,डिप्ट्ट
shelling,शेलिंग,शेलिंग
raidical,रैडिकल,रेडिकल
neelagaay,नीलगाय,इनलााय
bheera,भीरा,भीरा
banu,बनू,बनु
murmur,मरमर,मूर्मुर
dastavej,दस्तावेज,दस्तावेज
vivekheen,विवेकहीन,विवेखीन
thitron,थियेटरों,थितरों
langada,लंगड़ा,लंगड़ा
jainon,जैनों,जैनों
rajasva,राजस्व,राजस्व
ghunsa,घूंसा,घुंसा
augustine,अगस्टाइन,औजस्तिन
bhuswami,भूस्वामी,भूस्वामी
yaatna,यातना,यातना
gujar,गुजार,गुजर
janam,जानम,नाम
santati,संतति,संतती
sirhind,सरहिंद,सिरहिंद
patrani,पटरानी,पत्रानी
chune,चुने,ुने
vidhaaon,विद्याओं,विधाओं
chaukiyan,चौकियां,चौकियां
han,हां,न
lte,एलटीई,टी
kavvali,कव्वाली,कववली
jud,जूड,जुड़
theatron,थिएटरों,थीत्रों
thakkr,ठक्कर,शक्र
nega,नेग,नेगा
joddta,जोड़ता,जोड़ता
pigmentation,पिगमेंटेशन,पिग्मेंटेशन
niyantaa,नियंता,नियंता
bagichi,बगीची,बगिची
pv,पीवी,वीवी
gomake,गोमके,गोमके
antony,एंटोनी,अंटोनी
varnit,वर्णित,वर्नीत
christian,क्रिश्चयन,र्रिस्टियन
adad,अदद,दाद
abbasi,अब्बासी,अब्बसी
karvi,कर्वी,कर्वी
bakaul,बकौल,बकौल
jaylalita,जयललिता,जयललिता
sandarbha,संदर्भ,संदर्भ
khaini,खैनी,खैनी
kaningham,कनिंघम,कनिंघम
chipakane,चिपकने,चिपकने
november,नवंबर,नोवंबर
karanjiya,करंजिया,करणजीय
yatraen,यात्राएं,यात्राएं
doongarpur,डूंगरपुर,दूंगरपुर
sfoorti,स्फूर्ति,स्फूर्ती
dhakelte,धकेलते,धकेलते
icc,आइसीसी,इक
mahakane,महकने,महाकने
chabate,चबाते,चबतते
chhinke,छींके,चिंके
girijaghar,गिरजाघर,गिरिजाघर
patakkar,पटककर,पाटककर
latkate,लटकाते,लटकते
puranpur,पूरनपुर,पुराणपुर
kutta,कुत्ता,कुट्टा
chipakne,चिपकने,चिपकने
janch,जाँच,ंंच
pahnati,पहनाती,पहनती
sawal,सवाल,सावल
anuprayogon,अनुप्रयोगों,अनुप्रयोगों
ilaaj,इलाज,इलाज
avashist,अवशिष्ट,अवशिस्त
ali,अली,एलि
prashasanik,प्रशासनिक,प्रशासनिक
harshit,हर्षित,हर्षित
stuti,स्तुति,स्तुति
saima,साइमा,सैमा
ekattha,इकट्ठा,एकत्ठा
bakse,बक्से,कसे
faisla,फ़ैसला,फैसला
ganth,गांठ,गंथ
najibabaad,नजीबाबाद,नजीबबाद
tennis,टेनिस,टेनिस
jaatakon,जातकों,जातकों
shumaali,शुमाली,शुमाली
machae,मचाए,मचाई
ushma,ऊष्मा,शुम्म
devisingh,देवीसिंह,देविसिंह
bare,बरे,रे
tarash,तराश,तरर्श
manmarji,मनमर्जी,मनमार्जी
shaly,शैली,लाय
depthiriya,डिप्थीरिया,देपतिरिया
kalamjeet,कमलजीत,कलमजीत
sankhyaein,संख्याएं,संख्याएं
singhi,सिंघी,सिंहि
junun,जुनून,नुनून
toh,तो,टोह
raji,राजी,रजजी
arya,आर्यों,र्य
pashtun,पश्तून,पश्तुन
jiya,जिया,जिया
yugm,युग्म,युग्म
pilot,पायलट,पिलोत
asan,आसान,सान
bharane,भरने,भरने
khairati,खैराती,खैरती
mtech,एमटेक,मैक
avaru,अवरु,वारु
vaahikayen,वाहिकाएं,वाहिकाएं
ukranian,यूक्रेनियन,उक्रानियां
kaagaj,कागज़,काग़ज़
kabron,कब्रों,कबरों
lapetne,लपेटने,लैपेने
daataa,दाता,ाता
sarkarein,सरकारें,सर्कारें
lega,लेगा,लेगा
dubana,डूबना,दुबाना
raaji,राजी,राजी
tirupati,तिरूपति,तिरुपति
handiya,हंडिया,हंदिया
prathmik,प्राथमिक,प्रथमिक
evening,ईवनिंग,इवेनिंग
damle,दामले,डमले
safety,सेफ्टी,सफेटी
jai,जय,ए
shanivar,शनिवार,शानिवार
gosvaami,गोस्वामी,गोस्वामी
kasim,कासिम,कसीम
cavity,कैविटी,कैविटी
daka,डाका,का
el,ऐल,ल
roopesh,रुपेश,रूपेश
higman,हाइमन,हिग्मन
gangaajal,गंगाजल,गंगालल
neta,नेता,नेता
canterbari,कैंटरबरी,केंटरबारी
bhraantiyon,भ्रांतियों,भ्रांतीयों
theinga,ठेंगा,थैंगा
virodhabhasi,विरोधाभासी,विरोधाभी
darjano,दर्जनों,दर्जनों
bakhshne,बख्शने,बख़्शने
theatre,थियेटर,थीट्रे
tuberculosis,ट्यूबरक्यूलोसिस,ट्बूर्कलोसिस
aavritiyon,आवृत्तियों,अवृतियों
tuth,ट्रुथ,तूथ
prahlad,प्रहलाद,प्रहालाद
abbott,एबट,अब्बोट
jvaaron,ज्वारों,जवारों
nahargarh,नाहरगढ,नहर्गढ़
aagaa,आग़ा,आगा
sthulata,स्थूलता,स्थुलता
down,डाउन,डोन
pakaen,पकाएं,पकाएं
matthe,मत्थे,त्थे
proto,प्रोटो,प्रोटो
joint,ज्वाइंट,जाइंट
bulaao,बुलाओ,बुलाओ
sanjay,संजय,ंजजय
lati,लाती,लाटी
failegi,फैलेगी,फैलेगी
saman,समन,मान
prashaasanon,प्रशासनों,प्रशासनों
vichaarakon,विचारकों,विचारकों
bandej,बैंडेज,बंदेज
sadanand,सदानंद,सदानंद
thanjavur,तंजावुर,थंजावूर
kasara,कसारा,कसारा
ea,ईए,ए
ski,स्की,क्की
khaen,खाएं,ाएं
mungeri,मुंगेरी,मुंगेरी
rupi,रूपी,रुपि
haraval,हरावल,हरावल
pick,पिक,पिक
vishwasniiya,विश्वसनीय,विश्वसनीय
kaagaz,कागज़,काग़ज़
ishaaq,इशाक,शााक
advaitwad,अद्वैतवाद,अदवैतवाद
harem,हैरम,हरेम
stops,स्टॉप्स,स्टॉप्स
finger,फिंगर,फिंगर
kagaz,कागज़,काग़ज़
rajma,राजमां,राजमा
kaivelari,कैवेलरी,कैवेलरी
najib,नजीब,नजीब
taul,तौल,तौल
noobiyaa,नूबिया,नूबिया
ebt,एबट,इबीटी
nori,नोरी,नोरी
tikon,टीकों,टिकों
jerome,जेरोम,जररमम
pidiyaa,पीडिया,पिदिया
bazi,बाज़ी,बाजी
bhavanaon,भावनाओं,भवनाओं
prekshakon,प्रेक्षकों,प्रेक्षकों
bhengapan,भेंगापन,भेंगापन
shriram,श्रीराम,श्रीरम
bawara,बावरा,बावरा
garjana,गर्जना,गर्जना
pitne,पीटने,पितने
bim,बीम,बीम
ghisai,घिसाई,घिसाई
recer,रेसर,रिसर
alankaar,अलंकार,अलंकार
jalte,जलते,जलते
baithantey,बैठते,बैठांते
purane,पुराने,पुराने
samahar,समाहार,समाहार
kiratpur,कीरतपुर,किरातपुर
manjilen,मंजिलें,मंजीलें
bilhaur,बिल्हौर,बिलहौर
rig,रिग,गिग
dhairyawan,धैर्यवान,धैर्यावन
save,सेव,वे
belcha,बेलचा,बेलच्छा
haanfte,हांफते,हानफ्ते
khinchkar,खिंचकर,खिंचकर
pizza,पिज्जा,पिज़्ज़ा
naksaliyon,नक्सलियों,नकसालियों
mejbaan,मेज़बान,मेजबान
bahamas,बहामास,बहमस
pide,पाइड,साइड
mosad,मोसाद,मोसद
shravani,श्रावणी,श्रावनी
daw,दाव,डव
hawalaat,हवालात,हवालात
pratigya,प्रतिज्ञा,प्रतिज्ञ
koot,कूट,कूट
shavakon,शावकों,शवाकों
salaahkar,सलाहकार,सााहकार
antrmukh,अंतर्मुख,अंतर्मुख
shavkon,शावकों,शवकों
apvtrit,अपवर्तित,अपवत्रित
teeron,तीरों,टीरों
standhari,स्तनधारी,स्तैधारी
advivas,अधिवास,अद्विवास
puru,पुरू,पुरु
saimans,साइमंस,सैमांस
kocchi,कोच्चि,कोच्ची
ijaajat,इजाजत,इजाजत
rudolph,रुडोल्फ,रूडोल्फ
jeevan,जीवन,जीवन
achhi,अच्छी,छछी
badhati,बढ़ाती,बढ़ती
naamdhari,नामधारी,नामधारी
karna,करना,करणा
dilaye,दिलाये,दिलाए
stray,स्ट्रे,स्त्रे
chhai,छाई,छै
jamuei,जमुई,जम्यूई
dhaagaa,धागा,धागा
ganpati,गणपति,गणपति
baithate,बैठते,बैठते
avsthayen,अवस्थाएं,अवस्थाएं
duvidhaen,दुविधाएं,दुविधाएं
gaya,गया,गाया
kashton,कष्टों,कष्टों
paarshadon,पार्षदों,पार्षदों
udaa,उदा,उदा
aj,एजे,ज
tantr,तंत्र,तंत्र
charts,चार्ट्स,चार्ट्स
tarkwaad,तर्कवाद,तर्कवाद
sanskrit,संस्कृत,संस्कृत
nna,नना,नन
aary,आर्य,र्य
vadli,वडाली,वाडली
kakoo,काकू,काकू
kisanon,किसानों,किसनों
lahalhati,लहलहाती,लहलाहित
broke,ब्रोक,ब्रोक
mahalon,महलों,महालों
bokaro,बोकारो,बोकरो
pahan,पहन,फहन
pakaude,पकौड़े,पाकाउड़े
anant,अनंत,ननतंत
daglas,डगलस,दगलास
singha,सिंहा,सिंहा
saleeb,सलीब,सलीब
daanshil,दानशील,दानशील
bahavalpur,बहावलपुर,बहवलप्पुर
kanji,कांजी,कंजी
manzila,मंजिला,मंजीला
praudh,प्रौढ,प्रौद्ध
soochak,सूचक,ऊचक
eddy,एड्डी,इडी
namankano,नामांकनों,नमनकनों
chandramaon,चंद्रमाओं,चंद्रमाओं
piyari,पियरी,पियरी
meharaam,मेहराम,मेहराम
mahavidya,महाविद्या,महाविद्य
tau,टाऊ,टौ
catholic,कैथोलिक,कैथलिक
sugmta,सुगमता,सुग्मता
putli,पुतली,पुटली
tivoli,टिवोली,तिवोली
lanchar,लांचर,लांचर
sanyukt,संयुक्त,सान्युक्त
hercules,हरक्यूलिस,हर्कल्स
maryadaon,मर्यादाओं,मर्यादाओं
bagbani,बागबानी,बगबानी
pammu,पम्मी,पम्मू
jacks,जैक्स,जैक्स
guan,गुआन,गुआन
bharni,भरनी,भरनी
bhraanti,भ्रांति,भ्रांती
aagah,आग़ा,आगाह
haalchal,हालचाल,हल्चल
juloos,जूलूस,जुलूस
fansi,फांसी,फैंसी
dhatana,धटना,ठतना
candidate,कैंडिडेट,कैंडीडेट
rajinama,राजीनामा,राजीनामा
sohaval,सोहावल,सोहवाल
surana,सुराणा,सुरना
enzyme,एंजाइम,एंजीम
chatgaon,चटगांव,चटगांव
udakishunganj,उदाकिशुनगंज,उदक्षिषंज
pushpit,पुष्पित,पुष्पित
nitiyon,नितियों,नितियों
programers,प्रोग्रामर्स,प्रोग्रामर्स
bulletin,बुलेटिन,बुलेटिन
alankaaron,अलंकारों,अलंकारों
sambhrant,संभ्रांत,संभरणत
gypsy,जिप्सी,जिप्सी
jimme,जिम्मे,जीम्मे
nirbaadh,निर्बाध,निर्भाध
patili,पतीली,पतिली
chero,चेरो,केरो
pakshpat,पक्षपात,पक्षपत
barsaataa,बरसाता,बरसाता
nipatara,निपटारा,निपटारा
sarjuga,सरगुजा,सर्जुग
galaxyon,गैलेक्सियों,गलाक्सों
chhaviyan,छवियाँ,छावियां
pagbadha,पगबाधा,पगबाधा
rangkata,रंजकता,रंगकता
package,पैकेज,पैकागे
branti,भ्रांति,ब्रांटी
earthquake,अर्थक्वेक,एर्थकुअके
alochakon,आलोचकों,अलोचकों
augustustine,अगस्टाइन,औजस्तस्तिन
adani,अदाणी,अदनी
raak,राक,राक
dikhae,दिखार्इ,दिखाए
psv,पीएसवी,स्प्व
bosten,बॉस्टन,बोस्न
tughlaqabad,तुगलकाबाद,तुघलाबाबाद
rhamat,रहमत,रहमत
eon,इआन,योन
sahadev,सहदेव,सहादेव
transistor,ट्रांजिस्टर,ट्रांसीस्टर
chakatte,चकत्ते,ककटे
robertson,रॉबर्टसन,रॉबर्टन
khudai,खुदाई,खुदाई
bhookhi,भूखी,भूखी
samprabhuta,संप्रभुता,संप्रभूत
mejban,मेज़बान,मेजबन
shipra,शिप्रा,शिप्र
mejabani,मेजबानी,मेजाबानी
iso,आइसो,इसो
nagaada,नगाड़ा,नगादा
vaanon,वाणों,वानों
mangni,मांगनी,मंगनी
bhrant,भ्रांत,भरंत
devi,डेवी,देवी
sudhargrih,सुधारगृह,सुधारग्रह
bholu,भोलू,भोलू
baini,बैनी,बैनी
tani,तनी,तननी
bangbhang,बंगभंग,बंगभंग
patiya,पटिया,पतिया
bichhuaa,बिछुआ,बिछुआ
shin,क्षीण,नीन
rental,रेंटल,रंतल
modules,मॉड्यूल्स,मॉडल्स
bravo,ब्रावो,ब्रैवो
elaichi,इलाइची,एलायची
wireless,वायरलेस,वायलेस्स
suriname,सूरीनाम,सररीनेम
thaili,थैली,थैली
aavishakaar,आविष्कार,आविष्कार
kpada,कपड़ा,पपाड़ा
barahmasi,बारहमासी,बराहमसी
lakir,लकीर,लककिर
tiron,तीरों,तिरों
navate,नवाते,एवेट
propellent,प्रोपेलेंट,प्रोपलेंट
naagrik,नागारिक,नागरिक
veeresh,वीरेश,वीरेश
melaghaat,मेलघाट,मेलाघट
dridh,दृढ़,रिध
vahikayen,वाहिकाएं,वहीकाएं
nuskhe,नुस्खे,नुस्खे
sevkon,सेवकों,सेवकों
kanaal,कनाल,कनाल
programs,प्रोग्रामर्स,प्रोग्रामस
namkeen,नमकीन,नमकीन
nihalchand,निहालचंद,निहालचंद
ulahana,उलाहना,उलहाना
gujarate,गुजारते,गुजराते
jat,जात,टाट
sohawal,सोहावल,सोहवाल
cement,सिमटे,सीमेंट
emil,एमिल,एमिल
flynn,फ्लिन,फ्लानन
wasting,वेस्टिंग,वास्टिंग
kasarat,कसरत,कसरत
client,क्लांइट,क्लाइंट
africa,अफ्रीका,फफरीका
benwar,बेंवर,बेनवर
aabru,आबरू,आबृ
yaduvansh,यदुवंश,यदुवांश
chhati,छाती,छटी
mumba,बंबा,मूंबा
dhasmana,धस्माना,धस्माना
sudhaargrah,सुधारगृह,सुधारग्रह
farheen,फरहीन,फरहीन
harpal,हरपाल,हर्पल
tahi,ताहि,ठही
sudip,सुदीप,सुदीप
saptapadi,सप्तपदी,सप्तपादी
janhani,जनहानि,जनहानी
bharte,भरते,भरते
updravon,उपद्रवों,उपद्रवों
ghumaan,घुमाण,घूमान
phabti,फब्ती,फाब्ति
umanath,उमानाथ,उमानथ
rosariyo,रोसारियो,रोसरियो
sanshyon,संशयों,संश्यों
pushpaa,पुष्पा,पुष्पा
nun,नून,नून
vishahin,विषहीन,विषाहिन
andha,अंधा,ंधा
dangon,दंगों,डांगों
patiyaa,पटिया,पतिया
sfurti,स्फूर्ति,स्फूर्ती
forcee,फारसी,फ़ोर्सी
trangistor,ट्रांजिस्टर,ट्रांजीस्टर
khat,खत,टाट
kankad,कंकर,कंकड़
barrackpore,बैरकपुर,बरराकपकर
aadan,आदान,ादन
chink,छींक,सिंक
sulkhan,सुलखान,सुलखान
bhabhoot,भभूत,भभूत
kranj,करंज,क्रांज
khaaskar,ख़ासकर,खासकर
andreas,एंड्रियास,नंद्रियस
uthakar,उठाकर,उठकर
prahaarak,प्रहारक,प्रहारक
timer,टाइमर,तिमेर
egmor,एगमोर,एंजर
karyarat,कार्यरत,कार्यारत
mangesh,मंगेश,मंगेश
hamla,हमला,हमला
jankaron,जानकारों,जानकरों
ayodhyaanaath,अयोध्यानाथ,अयोध्यानाथ
atharva,अथर्व,थथर्व
geneva,जिनीवा,गेनेवा
punjab,पंजाब,पुंजब
lagega,लगेगा,लगेगा
tikone,तिकोने,टिकोने
vaitrawati,वैत्रवती,वैत्रवती
fodon,फोड़ों,फोडों
talvon,तलवों,तलवों
hijda,हिजड़ा,हिजड़ा
gaumutr,गौमूत्र,गौमुत्र
dyeyvadi,ध्येयवादी,द्येवादी
ukhrool,उखरुल,खुखरूल
multai,मुल्ताई,मूलताई
rectare,रैकेटियर,रिक्टेर
ajhar,अजहर,जहर
sanghnit,संघनित,संघनीत
karyakartaon,कार्यकर्ताओं,कार्यकत्राओं
heeraganj,हीरागंज,हीरागंज
praathmikata,प्राथमिकता,प्राठमिकता
rihana,रिहाना,रिहाना
straws,स्ट्रास,स्ट्रास
muflisi,मुफलिसी,मुफलीसी
ghise,घिसे,सीसे
jubair,जुबेर,जुबैर
fus,फूस,फुस
jivraj,जीवराज,जीवराज
narayangarh,नारायणगढ़,नरायणगढ़
uniyal,उनियाल,उनियाल
ramraj,रामराज,रामराज
takaraon,टकरावों,तकराओं
khuda,खुदा,खुदा
jadein,जड़ें,जेें
badlapur,बदलापुर,बदलापुर
awazen,आवाज़ें,जवाजें
saajsajja,साजसज्जा,साजसजज
pahla,पहला,पहला
vladimir,व्लादिमीर,व्लाडीमीर
lambi,लंबी,लामबी
bhugat,भुगत,भुगत
lahlahaati,लहलहाती,लहलाहिति
tareeko,तरीको,तरीको
afroj,अफरोज,फफरोज
emily,एमिल,इमिली
raubadar,रौबदार,रौबदरर
erica,एरिका,एरीका
chimati,चिमटी,चिमति
ramkote,रामकोट,रामकोटे
vartman,वर्तमान,वर्तमान
uthapatak,उठापटक,उठापातक
vaishakh,वैशाख,वैशाख
imaging,इमेजिंग,इमेजिंग
aashriton,आश्रितों,आश्रीतों
anchahe,अनचाहे,ंचाहे
chadaron,चादरों,चड़रों
bandhati,बंधती,बंधती
vikramjit,विक्रमजीत,विक्रमजित
pachaataa,पचाता,पचाता
chkkar,चक्कर,क्ककार
brok,ब्रोक,ब्रोक
avishvaasniy,अविश्वसनीय,अविश्वासनीय
dikhayi,दिखार्इ,दिखाइी
sund,सूंड़,नंड
dampatiyon,दंपतियों,दम्पतियों
mop,माप,मोप
sujhaati,सुझाती,सुझाति
budwig,बुडविग,बुडविग
sabhasadon,सभासदों,सभासदों
nilgai,नीलगाय,निलगाई
malaar,मलार,मलार
audhyogikaran,औद्योगिकरण,औध्योगिकरण
jaybaan,जयबाण,जयबान
aliance,अलायंस,एलियेंस
dadreva,ददरेवा,दद्रेवा
pipra,पिपरा,पिप्र
shahdara,शहादरा,शहददारा
dhandhany,धनधान्य,धंधन्य
jivan,जीवन,जिवान
rajtantra,राजतंत्र,राजतंत्र
awantipora,अवंतिपुर,अवंतिपोर
lingbhed,लिंगभेद,लिंगभ्ड
pes,पेस,एस
rita,रीता,रिता
hemvati,हेमवती,हेमवेटी
sankhyaen,संख्याएं,संख्याएं
refeli,रेफेली,रेफेली
sarkaaron,सरकारों,सर्कारों
nayak,नायक,नायक
registani,रेगिस्तानी,रेजिस्टनी
datson,डैटसन,दत्सों
jamuai,जमुई,जमुआई
kaasht,काश्त,काश्त
bala,बाला,बला
lahraee,लहराई,लहराई
aastin,आस्तीन,आस्तिन
darawani,डरावनी,दरावानी
locket,लॉकेट,लॉकेट
swecha,स्वेच्छा,स्वेचा
guman,गुमान,गुमान
masyendranath,मत्स्येंद्रनाथ,मस्येंद्रनाथ
drager,ड्रेजर,डीरेर
chaudhavan,चौदहवां,चौधावन
hawalat,हवालात,हवालाट
noon,नून,ून
networking,नेटवर्किग,नेटवर्किंग
jivanshaili,जीवनशैली,जीवनशैली
harna,हारना,हरना
dhoraaji,धोराजी,धोराजी
vadiyon,वादियों,वाडियों
vishanu,विष्णु,विशानु
melanin,मेलानिन,मेलनिन
yojanaye,योजनाएं,योजनाए
kalmein,कलमें,कलमें
udar,उदर,उदार
hindon,हिंडन,हिंदों
abhimat,अभिमत,अभिमत
inhaletion,इनहेलेशन,इंहलेशन
swaarthparak,स्वार्थपरक,स्वार्थपारक
aithan,ऐठन,ऐंठन
suchak,सूचक,सुचक
lahlahati,लहलहाती,लहलाहित
samanvayaka,समन्वयक,सामानवायक
bhutto,भुट्टो,भूततो
soond,सूंड़,ऊंड
dvadash,द्वादश,द्वास
sthool,स्थूल,स्थूल
boliae,बोलिए,बोलिये
pharma,फार्मों,परमा
nirdhaarit,निर्धारित,निर्धारित
prtigyaa,प्रतिज्ञा,प्रतिज्ञा
diya,दीया,इिया
convention,कनवेंशन,कन्वेशन
live,लाईव,लाइव
ambaani,अंबानी,अंबानी
alankaron,अलंकारों,अलंकरों
queens,क्वींस,क्वींस
namo,नामो,नमो
napne,नापने,नपने
phodo,फोड़ों,पोडो
hingis,हिंगिस,हिंगिस
jua,जुए,जूआ
harvansh,हरवंश,हरवांश
amadani,आमदनी,ममदानी
maariyo,मारियो,मारियो
samalakhaa,समालखा,समलाखा
gm,जीएम,म्सी
dewey,डेवी,इवी
sthitiyan,स्थितियां,स्थितियां
kap,कप,प
avika,अविका,अविका
jnhaani,जनहानि,जनहानी
mithila,मिथिला,मिथिला
sinha,सिंहा,सिन्ह
wadali,वडाली,वाडली
trimasik,त्रैमासिक,त्रिमासिक
megapixal,मेगापिक्सल,मेगापक्सल
ikhrul,उखरुल,िखरूल
sanyogvash,संयोगवश,संयोग्वाश
slaaidon,स्लाइडों,स्लाइडों
ghodi,घोड़ी,घोड़ी
vaitravati,वैत्रवती,वैत्रवती
satluj,सतलुज,सतलुज
ubaal,उबाल,उबाल
dadrewa,ददरेवा,दद्दवा
keede,कीड़े,एीड
brigatn,ब्रिगटन,ब्रिगटन
nagine,नगीने,नगीन
bewakoofaanaa,बेवकूफाना,बेवकूफाना
daaw,दाव,ाव
diwani,दिवानी,दिवानी
chuka,चुका,चुका
lata,लाता,लटा
bhartnatyam,भरतनाट्यम्,भर्तनतयम
telon,तेलों,टेलों
anyaay,अन्याय,न्याय
pran,प्राण,रण
samuels,सैम्युल्स,सामुल्स
pharmon,फार्मों,फर्मों
jeen,जिन,ीन
vincent,विंसेंट,विंसेंट
dhammaa,धम्मा,धम्मा
naram,नरम,ारम
ayodhyeanath,अयोध्यानाथ,अयोध्यानाथ
algavvadi,अलगाववादी,अल्गववादी
gthalidar,गुठलीदार,ग्ठलीदार
bhugata,भुगता,भुगता
khastaur,ख़ासतौर,खस्तौर
pratibhutiyan,प्रतिभूतियां,प्रतिभूतियां
asurakshit,असुरक्षित,असूरक्षित
julaahon,जुलाहों,जुलाहों
audyogikikaran,औद्योगिकरण,औद्योगिकिकरण
parikshaen,परीक्षाएं,परिक्षाएं
chrome,क्रोम,र्रोम
avsthaen,अवस्थाएं,अवस्थाएं
rajon,राजों,रजों
ipc,आईपीसी,पिपक
error,एरर,इरोर
pmo,पीएमओ,प्मो
bhareeye,भारीय,भारीय
judai,जुदाई,जुडाई
bhisham,भीष्म,भिशम
sooja,सूजा,उूजा
sipaha,सिपाह,सिपाहा
padaraunaa,पडरौना,पदारौना
phalata,फलता,पलता
men,मैन,एं
katthaii,कत्थई,कत्ठाई
ikai,इकाई,इकई
jatati,जताती,जटती
francisca,फ्रांसिस्का,फ्रैंसीस्का
lenevali,लेनेवाली,लेनेवाली
sensing,सेंसिंग,सेंसिंग
nikalani,निकालनी,निकलनी
umesh,उमेश,उमेश
tark,तर्क,र्क
baksa,बक्सा,बकसा
uplabdh,उपलब्ध,उपलाब्ध
kathfodave,कठफोड़वे,कथफोड़वे
strocks,स्ट्रोक्स,स्ट्रॉक्स
alasi,आलसी,अलासी
barahamasi,बारहमासी,बराहमसी
synapse,सिनेप्स,सिनेप्स
tarabganj,तरबगंज,तराबगंज
pml,पीएमएल,म्ल
kathai,कत्थई,कथाई
jivaniyaan,जीवनियां,जीवनियां
prahasan,प्रहसन,प्रहासन
dubhashiyon,दुभाषियों,दुभाषियों
farrukhnagar,फर्रूखनगर,फररुखनागर
skhalan,स्खलन,क्षलान
aamdani,आमदनी,आमदानी
parikalpit,परिकल्पित,परीकल्पित
bk,बीके,क
raakhe,राखे,ाखे
mahasinh,महासिंह,महासिंह
claris,क्लेरिस,क्लारिस
karnataka,कर्नाटका,कर्णाटका
gene,जैने,जेने
aakhet,आखेट,आखेत
aster,एस्टर,स्तेर
bakhshane,बख्शने,बख़्शने
supachy,सुपाच्य,सुपाची
velur,वेल्लूर,वेलुर
paarshad,पार्षद,पार्षद
pushp,पुष्प,पश्प
chhura,छुरा,छुरा
matsyendranath,मत्स्येंद्रनाथ,मत्स्यदद्रनाथ
denewaali,देनेवाली,देनेवाली
praan,प्राण,राण
then,थेन,नें
darmiyaan,दरमियान,दर्मियां
sikar,सीकर,सिकर
gaumutra,गौमूत्र,गौमुत्र
bhabhut,भभूत,भभूत
kartik,कार्तिक,कर्तिक
cleris,क्लेरिस,क्लीरिस
bhulata,भूलता,भुलता
aram,आराम,माम
prayaasrat,प्रयासरत,प्रयास्रत
pendulum,पेंडुलम,पेंडुल्यूम
simat,सिमट,सीमेट
dubona,डुबोना,दूबों
prastavon,प्रस्तावों,प्रस्तवों
jenee,जेनी,जीनी
dampati,दंपति,दम्पति
sansthita,संस्थिता,संस्थिता
kamzor,कमज़ोर,कामझोर
francisko,फ्रांसिस्को,फ्रांसीस्को
dramen,ड्रामे,डरमें
chamakna,चमकना,चमकना
pushkarana,पुष्करणा,पुष्कचारण
vanshvaad,वंशवाद,वंश्वाद
patkathaayein,पटकथाएं,पटकथाएं
aahnan,आह्नान,आहनन
baitool,बैतूल,बैटूल
gujarte,गुजारते,गुजरते
mathey,माथे,थथेय
akhet,आखेट,खेत
nilaabh,नीलाभ,निलाभ
sunaron,सुनारों,सुनरों
arbab,अरबाब,अरबब
chunar,चूनर,चुनार
avshisht,अवशिष्ट,अवशिष्ट
putle,पुतले,पुटल
rugnata,रुग्णता,रूगनता
reduction,रिडक्शन,रेडुक्शन
devnaar,देवनार,देवनार
adhivas,अधिवास,अधिवास
sacchidanand,सच्चिदानंद,सच्छिदानंद
aatmayen,आत्माएं,आत्मयें
luxor,लक्सर,लक्सर
pehnate,पहनते,पहनते
laundry,लॉन्ड्री,लाउंड्री
pathykramon,पाठ्यक्रमों,पाठ्यक्रमों
ralod,रालोद,रालोद
lagataar,लागातार,लगातर
mango,मांगो,मैंगो
nikhari,निखरी,निखरी
nihalaani,निहलानी,निहालानी
durniti,दुर्नीति,दुर्णीति
danga,दंगा,डंगा
saraha,सराहा,राराहा
dhande,धंधे,ंदेे
veerchand,वीरचंद,वीरचंद
aadhin,आधीन,आधिन
nikalegi,निकलेगी,निकलेगी
zawar,जावर,जारार
dinaank,दिनांक,दिनांक
sprit,स्प्रिट,प्रीत
baksi,बक्सी,बकसी
sugamata,सुगमता,सुगमता
haqeeqat,हकीकत,हैकीक्ट
swechha,स्वेच्छा,स्वेच्छा
cavalry,कैवेलरी,कवाल्री
trubyunal,ट्रिब्यूनल,त्रब्युलल
suniti,सुनीति,सुनिति
thaanvi,थानवी,थानवी
help,हेल्प,हेल्प
peratrupers,पैराट्रूपर,पेरातृप्र
bhola,भोला,भोला
jhankna,झांकना,झांकना
harana,हारना,हरणा
baraamad,बरामद,बरामद
squash,स्क्वाश,स्काश
greest,ग्रीस्ट,ग्रीस्ट
thirke,थिरके,रिरके
favvara,फव्वारा,फववारा
deeya,दीया,इीय
chadron,चादरों,चड्रों
khanikarma,खनिकर्म,खनिकर्म
maisore,मैसोर,मैसोर
pastry,पेस्ट्री,पस्त्री
fogat,फोगाट,फोगेट
bachati,बचती,बचाती
narnari,नरनारी,नर्नारी
alagavavadi,अलगाववादी,अलगावादी
khaatey,खाते,खाते
kajoo,काजू,कजोू
juye,जुए,जीए
bevkufana,बेवकूफाना,बेवकुफना
theatron,थियेटरों,थीत्रों
jini,जिनी,जिनी
urvarta,उर्वरता,उर्वरता
manaye,मनाए,माने
madhupur,मधुपुर,मधुपुर
aadheen,आधीन,आधीन
kakkad,कक्कड़,कक्कड़
pidiya,पीडिया,पिड़िया
supachye,सुपाच्य,सुपाच्ये
sulzai,सुलझाई,सुलझाई
mayorka,मयोर्का,मायोरका
mang,मांग,मंग
vigyanon,विज्ञानों,विज्ञानों
sachhidanand,सच्चिदानंद,सच्छीदनंद
aisa,एेसा,एसा
nanhe,नन्हें,नाहे
propellant,प्रोपेलेंट,प्रोपलेंट
anupryogon,अनुप्रयोगों,अनुप्रिगों
pilepan,पीलेपन,पिलेपन
chhaapemaar,छापेमार,छापेमार
pam,पैम,म
abbaasi,अब्बासी,अब्बासी
ghatatop,घटाटोप,घटातोप
zuban,ज़ुबान,जुबान
sanchar,संचार,संचार
raj,राज,ज़
lehrayi,लहराई,लहरायी
nagrik,नागारिक,नगरीक
mular,मूलर,मूलर
conjunction,कंजंक्शन,कंजनंशन
sirpur,सिरपुर,सिरपुर
martha,मार्था,मर्था
samadhan,समाधान,समाधन
janagananaa,जनगणना,जनगननाना
pahni,पहनी,पहनी
jataati,जताती,जटाती
registan,रेगिस्तान,रेजिस्टन
nikalni,निकालनी,निकलनी
palmonari,पल्मोनरी,पल्मोनरी
vishhin,विषहीन,विष्िन
kalraj,कलराज,कलराज
dulne,डुलने,डुलने
pehni,पहनी,पहनी
kumavat,कुमावत,कुमावत
darmiyan,दरमियान,दर्मियां
uchhalne,उछालने,उचलने
chausingha,चौसिंगा,चौसिंह
tankaar,टंकार,तंकार
atake,अटके,टके
saym,सायं,एं
adharit,आधारित,अधारित
kolorado,कोलोराडो,कोलोरदों
artery,आर्टरी,र्तरी
sanshayon,संशयों,संशयों
yatraein,यात्राएं,यात्राएं
juraab,जुराब,जुराब
chaktte,चकत्ते,ककते
gazi,गाज़ी,गाजी
salahkar,सलाहकार,सालाहकार
jaagriti,जागृति,जाग्रिति
kabaddi,कबड्डी,कबाद्दी
jodta,जोड़ता,जोड़ता
sahrawat,सहरावत,सहरावत
sohrai,सोहराई,सोहराई
polishing,पॉलिशिंग,पोलिशिंग
jeen,जीन,ीन
mejbaan,मेजबान,मेजबान
racreation,रिक्रिएशन,रैक्रिशन
sachidanand,सच्चिदानंद,सचिदानंद
avuti,आवृत्ति,अवूति
niptaara,निपटारा,निपटारा
laurence,लौरेंस,लारेंस
stan,स्टैन,त्तें
vaigyanikata,वैज्ञानिकता,वैग्ञानिकता
chidhte,चिढ़ते,चिढ़ते
ferth,फर्थ,फर्थ
rigs,रिग्स,रिग्स
fatama,फातमा,फटमा
pokar,पोकर,पोकर
salib,सलीब,सालिब
vesle,वेस्ले,वेसले
kamere,कमेरे,कमेरे
ritual,रिचुअल,रितुआल
chinke,छींके,िंके
fatehgarh,फतेहगढ़,फटेहर
dhankuber,धनकुबेर,धनकुबर
fislaa,फिसला,फिस्ला
sanjeevan,संजीवन,संजीवन
vaishakhi,वैशाखी,वैशाखी
paheliyan,पहेलियां,पहेलियां
perabola,पैराबोला,पेराबोला
letkar,लेटकर,लेटकर
asamanjasya,असामंजस्य,असमंज्या
shringar,शृंगार,श्रींगार
proof,प्रूफ,प्रूफ
padega,पड़ेगा,पड़ेगा
bule,बुले,ुले
padamawati,पदमावती,पदमावती
mariya,मारिया,मरिया
chandan,चंदन,चंदन
shubhankar,शुभंकर,शुभंकार
rasayanon,रसायनों,रसायनों
vipra,विप्रा,विप्र
mass,मास,सास
ainthey,ऐंठे,नंथेय
dhundhi,ढूंढी,ठूंढी
cbse,सीबीएसई,ब्से
anakon,अंकों,अनकों
sheershakon,शीर्षकों,शीर्षकों
taaja,ताजा,ताजा
phoda,फोड़ा,दोदा
trabal,ट्रेबल,ट्रेबल
radhe,राधे,ढ़े
najeem,नजीम,नजीम
chaudah,चौड़ा,चौदह
borkar,बोरकर,बोरकर
yashpaal,यशपाल,यशपाल
bharakaya,भड़काया,भाराकाया
amargad,अमरगढ़,अमररगड़
gaanth,गांठ,गंठ
rigal,रीगल,रिगल
strokes,स्ट्रोक्स,स्ट्रोक्स
poojaapaath,पूजापाठ,पूजापाथ
manjil,मंजिल,मंजील
policy,पालिसी,पॉलिसी
formic,फार्मिक,फॉर्मिक
gerome,जेरोम,जररम
lakshyon,लक्ष्यों,लक्ष्यों
arjent,अर्जेंट,राजेंट
sanskrutiyon,संस्कृतियों,संस्कृतियों
kaalpi,कालपी,कालपी
haito,हैतो,हैटो
hundiya,हंडिया,हंडिया
nubiya,नूबिया,नुबिया
bhugol,भूगोल,भुगोल
brahmalin,ब्रह्मलीन,ब्रह्मल्लीन
farm,फार्म,फर्म
gidgidate,गिड़गिड़ाते,गिड़िडेट
tapmanon,तापमानों,तपमानों
ccd,सीसीडी,सीडीडी
swa,स्वा,व्वा
cateline,कैटलिन,कैटलिन
shbana,शबाना,शबाना
jhankana,झांकना,झंकाना
cigretton,सिगरेटों,सिग्रेटों
dhoondhi,ढूंढी,धूंधी
sansthit,संस्थित,संस्थित
siyaha,सियाह,सियाहा
suraj,सूरज,शुराज
cricketing,क्रिकेटिंग,क्रिक्टिंग
skala,स्काला,क्कला
mashrak,मशरक,मश्रक
shirshkon,शीर्षकों,शिर्षकों
uski,उसकी,उस्की
shahrvasiyon,शहरवासियों,शहरवासियों
bahamaas,बहामास,बहमास
prastaavon,प्रस्तावों,प्रस्तावों
prakshepak,प्रक्षेपक,प्रक्षेपक
oxy,ऑक्सी,ोक्सी
marwar,मारवाड़,मरवार
anyaya,अन्याय,नन्याय
england,इंग्लैंड,इंग्लैंड
kanblon,कंबलों,कांबलों
paim,पैम,एईम
dhndhe,धंधे,ंधे
barah,बारह,बारह
karpatri,करपात्री,कररपत्री
singaar,सिंगार,सिंगार
daak,डाक,अक
naasar,नासर,नासर
jiyo,जीयो,जियो
asphault,एस्फाल्ट,असफौलत
chai,छै,ैई
agashe,आगाशे,गाशे
samprabhu,संप्रभु,संप्रभू
phalne,फलने,पलने
avranta,अवर्णता,वरणता
shitij,क्षितिज,शीतिज
jain,जैन,एमैन
diphtheria,डिप्थीरिया,दिफ्तहरीय
vyvhargat,व्यवहारगत,व्यवहर्गत
fransisko,फ्रांसिस्को,फ्रांसिस्को
chhagan,छगन,छागन
should,शुड,शूल्ड
ishat,ईष्ट,शितात
yaduwansh,यदुवंश,यदुवांश
chan,चान,न
nrutyashaili,नृत्यशैली,नृत्यशाली
davey,डेवी,वेय
sprint,स्प्रिट,प्रींत
kaav,काव,काव
mahkane,महकने,महकाने
gtod,जीतोड़,गतोड़
sexual,सेक्सुअल,सेक्सायल
lycopene,लाइकोपिन,लायपॉपनें
prem,प्रेम,प्रीम
funda,फंडा,फंडा
classon,क्लासों,क्लासों
brigadier,ब्रिगेडियर,ब्रिगड़ीर
samanjasya,सामंजस्य,समांज्या
drame,ड्रामे,मे
friendship,फ्रेंडशिप,फ्रेंडशिप
dhatna,धटना,धतना
yarayan,यात्राएं,यरायण
ecuador,इक्वाडोर,एक्यादोर
warrior,वारियर्स,वारियर
jagaega,जगाएगा,जगाएगा
chowk,चौक,चौक
senvai,सेंवई,सेनवाई
biji,बिजी,बिजी
aparivartansheel,अपरिवर्तनशील,अपरिवर्तनशील
abaru,आबरू,अबरू
roya,रोया,रोया
lairi,लैरी,लैरी
plane,प्लेन,प्लाने
made,मैड,डे
gaanthe,गांठे,गांथे
gomukh,गौमुख,गोमुख
offshor,ऑफशोर,ऑफ्शोर
chachaji,चाचाजी,चाछाजी
bramad,बरामद,ब्रमाद
mezbaan,मेजबान,मेबाान
barat,बरात,रारत
maina,मैना,मैना
ravaley,रावले,रवले
olavrishti,ओलावृष्टि,ओलवृष्टि
alive,अलाइव,अलीवे
garibi,गरीबी,गरिबी
zamana,ज़माना,जमाना
jamaeya,जमाया,जमाएं
prapaton,प्रपातों,प्रपतों
naamo,नामो,नामो
aalsi,आलसी,आलसी
jhuthalane,झुठलाने,झूठलने
jalvayu,जलवायु,जलवायु
mahanirdeshak,महानिदेशक,महानिर्देशक
uplakshay,उपलक्ष्य,उपलक्षय
manzilein,मंजिलें,मंजीलें
chitrkar,चित्रकार,चित्रकर
vanshavad,वंशवाद,वांशवाद
tapmano,तापमानों,तपमानों
ganthen,गांठें,गठंथें
pihaani,पिहानी,पिहानी
avasthaayen,अवस्थाएं,अवस्थाएं
udaan,उड़ान,उदान
mahathir,महाथिर,महत्हरी
prapaat,प्रपात,प्रपात
introduction,इंट्रोडक्शन,इंट्रोडक्शन
melani,मेलानी,मेलनी
astar,एस्टर,स्तर
pakshpaat,पक्षपात,पक्षपात
galgand,गलगंड,गलगंद
amavsya,अमावस्या,अमावस्या
virechan,विरेचन,वीरेचन
swaachaalit,स्वाचालित,स्वाचालित
vayana,वायना,ययन
formule,फार्मूले,फोर्मूल
bapaa,बापा,पाा
tungnath,तुंगनाथ,तुंगनाथ
slider,स्लाइडर,स्लीडर
brijesh,बृजेश,बृजेश
parshadon,पार्षदों,परराधाों
prahlaad,प्रहलाद,प्रहालाद
oklahoma,ओकलाहोमा,ओकलाहोमा
dhoron,धोरों,धोरों
namankanon,नामांकनों,नमनकनों
jatakon,जातकों,जटकों
taraash,तराश,तराश
brahmleen,ब्रह्मलीन,ब्रह्मलीन
antoni,एंटोनी,अंतोनी
samprbhuta,संप्रभुता,संप्रभूता
bajana,बजना,जजाना
bhira,भीरा,भीरा
jatak,जातक,अतक
neko,नेको,नेको
feka,फेका,फेका
rak,राक,क
deepan,दीपन,दीपन
generat,जेनरेट,जनरेट
kping,कपिंग,कपिंग
judaai,जुदाई,जुडाई
sargi,सरगी,सर्गी
upadravi,उपद्रवी,उपद्रवी
songs,सॉन्ग्स,सांग्स
saparivaar,सपरिवार,सपरिवार
punjikaran,पूंजीकरण,पुंजीकरण
mauley,मौले,मौले
bheesham,भीष्म,भीषम
sunaaron,सुनारों,सुनारों
leedaron,लीडरों,लीडरों
ralhan,रल्हन,रल्हन
prathamik,प्राथमिक,प्रथामिक
samitiyan,समितियां,समीतियां
tapakti,टपकती,तपक्ति
eksaath,एकसाथ,एकसाथ
ghasi,घासी,घसी
hariyali,हरियाली,हरियाली
najariyon,नजरियों,नजररियों
devnar,देवनार,देवनार
harawal,हरावल,हरावल
gahmagahmi,गहमागहमी,गहमागमी
born,बोर्न,बोर्न
satvat,सत्वत,सत्वत
kalika,कालिका,कलिका
ankit,अंकित,अंकीत
dhaari,धारी,धारी
basil,बेसिल,बसील
adp,एडीपी,डप्प
mexico,मेक्सिको,मैक्सिको
tonic,टॉनिक,तोनीक
hasino,हसीनों,हैसिनो
offers,ऑफर्स,ऑफर्स
sanchayan,संचयन,संचायन
belacha,बेलचा,बेलच्चा
ramkot,रामकोट,रामकोट
ubhara,उभारा,उभरा
warriors,वारियर्स,वारियर्स
taobao,टैबू,ताओबाओ
pravati,प्रवत्ति,प्रवती
dabi,डाबी,दबी
shao,शाओ,शाओ
shasak,शासक,शासक
andrabee,अंद्राबी,अंद्रबी
paradhin,पराधीन,पराधीन
jing,जिंग,जिंग
tugalki,तुगलकी,टुगलकी
jwaron,ज्वारों,ज्वारों
varna,वर्ण,वर्ण
aagat,आगत,आगत
lagnewale,लगनेवाले,लगनेवाले
surveen,सुरवीन,सुर्वीन
maori,माओरी,माररी
mysore,मैसोर,मिस्र
panaamaa,पनामा,पनामा
rishtey,रिश्ते,रिश्ते
chaupal,चौपाल,चौपल
patkathayen,पटकथाएं,पटकथाएं
adwait,अद्वैत,अद्वैत
morya,मौर्या,मोर्य
yarooshaleim,यरूशलेम,यारूशालेम
prapat,प्रपात,प्रपत
badhav,बढ़ाव,बधाव
ambani,अम्बानी,अंबनी
vyavahargat,व्यवहारगत,व्यवहार्गत
peg,पेग,पेग
bangbandhu,बंगबंधु,बंगबंधु
sarsa,सरसा,सर्सा
shooting,शुटिंग,शूटिंग
angreji,अंग्रज़ी,अंग्रेजी
vipreetataa,विपरीतता,विप्रीतता
chhai,छै,छै
raadhe,राधे,ाधे
kakkar,कक्कड़,कक्कर
bahroopiya,बहरूपिया,बहरूपिया
toka,टोका,तोका
pahnata,पहनता,पहनता
langron,लंगरों,लांग्रों
alnkaar,अलंकार,अलंकार
fabti,फब्ती,फब्ती
usak,उसक,उसाक
triya,त्रिया,त्रिया
choro,चोरों,कोरो
bahuly,बाहुल्य,बहुल्य
ghontane,घोंटने,घोंटने
font,फॉन्ट,फोंट
puraane,पुराने,पुराने
anukoltha,अनुकूलता,अनुकोलता
tahakhana,तहखाना,तहखाना
urdhav,ऊर्ध्व,उर्धव
methanol,मेथेनॉल,मेथनल
lumding,लुमडिंग,लूमदिंग
bowling,बाउलिंग,बॉलिंग
shutting,शुटिंग,शटटिंग
bhaskar,भास्कर,भस्कर
pehnate,पहनता,पहनते
bethanal,बेथनल,बेथनाल
agavai,अगवाई,गावेई
sabmission,सबमिशन,सब्मिशन
galaxion,गैलेक्सियों,गैलक्शन
takara,टकरा,तकरा
sparivar,सपरिवार,स्परिवर
antarmukh,अंतर्मुख,अंतर्मुख
chayal,चायल,चायल
naivedh,नैवेद्य,नैवेध
dahan,दहन,हाहन
gangrel,गंगरेल,गंग्रील
avegyanik,अवैज्ञानिक,अवेग्ञानिक
prathmikta,प्राथमिकता,प्रथमिकता
bodara,बोदरा,बोदरा
sanchari,संचारी,संचारी
valkan,वल्कन,वाल्कन
jaljale,ज़लज़ले,जलजले
composer,कंपोजर,कंपोसर
spma,सोमा,प्मा
tarch,टार्च,तर्च
vigyaani,विज्ञानी,विज्ञानी
nrityashaili,नृत्यशैली,नृत्यशाली
sanskrutiyan,संस्कृतियां,सांस्कृतियां
dhakaal,ढकाल,धकाल
shield,सील्ड,शील्ड
bharakaaya,भड़काया,भाराकाया
parikshaayein,परीक्षाएं,परिक्षाएं
velvet,वेलवेट,वेलवेट
addon,अड्डों,एडों
khaskar,ख़ासकर,खस्कर
talbagar,तलबगार,तलबागार
byrun,बायर्न,ब्यून
beef,बीफ,इफ
kaushambi,कौशाम्बी,कौशंबि
dhundh,ढूंढ,ंधध
laati,लाती,लाति
mejbani,मेज़बानी,मेबबनी
jaunch,जाँच,ऊंच
kaju,काजू,काजू
layega,लायेगा,लाएगा
dhale,ढले,ाले
naksalwaad,नक्सलवाद,नकसालवाद
ballabh,बल्लभ,बल्लभ
farms,फार्म्स,फर्मस
yaariyan,यारियां,यारियां
clerys,क्लेरिस,क्लेरिस
cute,क्यूट,कटे
aamdi,आमदी,आमदी
nanhein,नन्हें,नानहें
chuka,चौका,चुका
badhit,बाधित,बधित
prardashan,प्रर्दशन,प्रारदाशन
sametati,समेटती,समेटती
rangte,रंगते,नंगटे
orian,ओरियन,ओरियन
jealous,जूलूस,जिलोस
raajasva,राजस्व,राजस्व
parosne,परोसने,परोसने
gowmutra,गौमूत्र,गोमुत्रा
rambharose,रामभरोसे,रामभारोस
bikaner,बीकानेर,बीकनेर
aaraam,आराम,आराम
aurangabad,औरंगाबाद,औरंगबाद
nauner,नौनेर,नौनेर
bhula,भूला,भुला
aahnaan,आह्नान,आहनान
vineet,विनीत,विनीत
samadjiyon,समाधियों,समाद्जियों
ishaak,इशाक,शाक
charchaon,चर्चाओं,चर्चाओं
taza,ताजा,तजा
paratrooper,पैराट्रूपर,परतृपूर
bhadkaayaa,भड़काया,भड़काया
divya,दिव्या,दिव्या
dakhile,दाखिले,डखली
singapore,सिंगापुर,सिंगापोर
naxalwaad,नक्सलवाद,नक्लैवाद
chahunor,चहुंओर,चाहूनोर
besil,बेसिल,बेसिल
population,पापुलेशन,पॉपुलेशन
lives,लाइव्स,लिवेस
chausinga,चौसिंगा,चौसिंगा
bhadkaya,भड़काया,भड़काया
bagiyon,बागियों,बगियों
doranda,डोरंडा,दोरंडा
dikhaee,दिखाईं,दिखाई
amarpal,अमरपाल,अमरपाल
labelon,लेबलों,लबेलों
changul,चंगुल,चांगुल
adaani,अदाणी,अदानी
naxalvaaad,नक्सलवाद,नक्लैवाद
chikhali,चिखली,चिखली
ranapur,रानापुर,रणापुर
rese,रेस,सेज़
bazaru,बाजारू,बाजारू
dikhayi,दिखाई,दिखाइी
jasmit,जसमीत,जस्मित
saptari,सप्तरी,सप्तरी
gyatvy,ज्ञातव्य,ज्ञात्व्य
ghabrahat,घबराहट,घबराहत
mezbaan,मेज़बान,मेबाान
lurhakate,लुढ़कते,लूढ़कते
dinosaur,डायनासोर,दिनोसौर
failaaiye,फैलाइए,फैलाइए
wahikayan,वाहिकाएं,वाहिकाएं
vartmaan,वर्तमान,वर्तमान
shrotaon,श्रोताओं,श्रोताओं
gulshan,गुलशन,गुलशान
aadharit,आधारित,आधारित
haive,हैव,एइवे
tyoihar,त्यौहार,त्योहार
dhamkata,धमकाता,धमकता
tir,तीर,रीर
julus,जूलूस,जुलूस
chhajan,छाजन,छजान
ranjkatha,रंजकता,रंजकता
varenya,वरेण्य,वरेन्य
darul,दारूल,दरूल
oceanic,ओशनिक,ऑकीनिक
bhoonhon,भौंहों,भूनहों
tantrikao,तंत्रिकाओं,तंत्रिकाओं
maryokar,मयोर्का,मरियकार
masaledar,मसालेदार,मसालेदार
ghongha,घोंघा,घोंघा
manchit,मंचित,मानचित
bhulataa,भूलता,भुलता
badh,बाध,ध
praakkathan,प्राक्कथन,प्राक्ठान
shaasakon,शासकों,शासकों
ropaney,रोपने,रोपने
prapta,प्राप्त,प्रप्त
swaroopon,स्वरुपों,स्वरूपों
sahdev,सहदेव,सहददेव
mariyo,मारियो,मरियो
afroz,अफरोज,फफरोज
paraffin,पैराफिन,पराफीन
lakshmidhar,लक्ष्मीधर,लक्ष्मीधार
ulahna,उलाहना,उलहनना
paheliyaan,पहेलियां,पहेलियां
maulvidon,मौलवियों,मौलविदों
janahaani,जनहानि,जनहानी
likhkar,लिखकर,लिखकर
shaasaka,शासक,शासका
dhandhe,धंधे,ंधे
mithai,मिठाई,मिथाई
parva,परवा,पार्व
agende,एजेंडे,जींडे
anavshyak,अनावश्यक,अनावश्यक
hostes,होस्टेस,होस्टेस
lindon,लिंडन,लिंडों
chidchidapan,चिडचिडापन,चिड़चिड़ापन
dubna,डूबना,दुबना
dharak,धारक,धराक
banvaa,बनवा,बनवा
rishte,रिश्ते,रिश्ते
machaye,मचाए,मचाए
chhinky,छींके,छिंकी
mauritius,मॉरिशस,मॉरीशस
eddie,एड्डी,एडडी
phod,फोड़,पोद
pratishat,प्रतिशत,प्रतिष्ट
laingikta,लैंगिकता,लैनगिकता
peary,पियरी,वीयरी
wayna,वायना,याना
karyrat,कार्यरत,कार्यरत
chhuraa,छुरा,छुरा
fatehgadh,फतेहगढ़,फटेहाढ़
mithaai,मिठाई,मिथाई
nitrous,नाइट्रस,नित्रोस
rooting,रूटिंग,रूटिंग
asthetic,एस्थेटिक,अस्थेतिक
niyaa,निया,निया
badha,बाधा,धा
sapatey,सपाटे,सापते
ulate,उलटे,उलाते
fawaaron,फव्वारों,फवारों
dazy,डेजी,जज्य
sudhargruh,सुधारगृह,सुधारगृह
brocken,ब्रोकन,ब्रोकें
maharaja,महाराजा,महाराजा
bahaav,बहाव,बहाव
ghataatop,घटाटोप,घटातोप
tariko,तरीको,तरीको
bandhti,बंधती,बंधती
paakhandi,पाखंडी,पाखंड़ी
taapmaanon,तापमानों,तापमानों
rollers,रोलर्स,रॉलर्स
snikarse,स्नीकर्स,स्निकार्स
jaiban,जयबाण,जैबन
sonu,सोनू,सोनु
wangchuk,वांगचुक,वांछचूक
kaetholikon,कैथोलिकों,कैथोलिकों
hathiya,हथिया,हथिया
aavritti,आवृत्ति,अवृत्ति
items,आइटम्स,इटीम्स
namavaliyon,नामावलियों,नमावलियों
hupper,हूपर,हपपेर
paradheen,पराधीन,पराधीन
nawanagar,नवानगर,नवनागर
pushpa,पुष्प,पुष्पा
maurya,मौर्यों,मौर्य
bauni,बौनी,बौनी
nazeem,नजीम,नजीम
ethhan,ऐठन,ऐठान
sanasthita,संस्थिता,सानस्थिता
vaadiyon,वादियों,वादियों
kahaniyon,कहानियों,कहानियों
patwari,पटवारी,पतवारी
falne,फलने,फलने
khanda,खंडा,खंडा
poshit,पोषित,पोशित
qasim,कासिम,कासिम
putali,पुतली,पुताली
lalak,ललक,लालक
sdueep,सुदीप,स्दीप
suljhai,सुलझाई,सुलझाइ
mahasingh,महासिंह,महासिंह
banva,बनवा,बनवा
suction,सक्शन,सच्नशन
jayke,जायके,एयके
theateron,थियेटरों,थीतरों
valkkan,वल्कन,वाल्कन
atta,आटा,त्ता
pehnati,पहनाती,पहनती
sanskritiyan,संस्कृतियां,संस्कृतियां
viresh,वीरेश,विरेश
deewani,दिवानी,दीवानी
nights,नाइट्रस,नाइट्स
makrani,मकरानी,मकरानी
foda,फोड़ा,फोडा
purvaabhas,पूर्वाभास,पूर्वाभस
adhik,अधीक,ढ़ीक
hamlavar,हमलावर,हमलावर
asfalt,एस्फाल्ट,असफलत
prashasnik,प्रशासनिक,प्रशासनिक
tuglaki,तुगलकी,तुगलाकि
lbada,लबादा,लबड़ा
sabhaein,सभाएं,शभाएं
khajraana,खजराना,खजरानाना
deepn,दीपन,डीपन
vyagr,व्यग्र,व्याग्र
raaj,राज,जज
dravani,डरावनी,द्रवाणी
augusta,अगस्ता,औगस्ता
upakhyaanon,उपाख्यानों,उपख्यानों
braat,बरात,र्रतत
pintaa,पिंटा,पिंता
mate,मेट,ते
chennai,चेन्नई,चेनैई
durbhiksh,दुर्भिक्ष,दुर्भीक्ष
prayasarat,प्रयासरत,प्रयासरत
taahi,ताहि,ताही
upakhyanon,उपाख्यानों,उपख्यानों
alai,अली,लैई
thane,थाणे,नने
shaakhaaen,शाखाएं,शाखाएं
tanjavur,तंजावुर,तंजावूर
dhoondhata,ढूंढता,धूंधता
vanon,वाणों,वानों
vaigyanik,वैज्ञानिक,वैय्ञानिक
truth,ट्रुथ,र्थ
girti,गिरती,गिरती
kuposhit,कुपोषित,कुपोषित
agsta,अगस्ता,अगस्ता
torch,टार्च,तोरच
dungerpur,डूंगरपुर,दुंगरपुर
farukhnagar,फर्रूखनगर,फरुखनागर
padadhikari,पदाधिकारी,पदाधिकारी
bhugta,भुगता,भुगता
namkin,नमकीन,नमककन
naxali,नक्सली,नेकली
traip,ट्रैप,त्रेप
shujat,शुजात,शुजात
dadari,दादरी,दादरी
uda,उदा,दुदा
sutali,सुतली,सूतली
raatrichar,रात्रिचर,रातृचार
aviva,अवीवा,वैवीव
ubhaara,उभारा,उभारा
formulae,फार्मूले,फोर्मूलाई
kanika,कणिका,कानिका
bakayon,बकायों,बकायों
dhokhebaaj,धोखेबाज,धोखेबाज
susanskrit,सुसंस्कृत,सुसंस्कृत
mahanideshak,महानिदेशक,महानिदेशक
vritton,वृत्तों,वृत्तों
aawaazen,आवाज़ें,आवाजें
baku,बाकू,बककू
asset,असेट,एसेट
regional,रीजनल,रेजिनल
mahajan,महाजन,महाजन
lagatar,लागातार,लगातर
masaaledaar,मसालेदार,मसालेदार
saptpadi,सप्तपदी,सप्तपादी
parvaa,परवा,पार्वा
bhulta,भूलता,भुलता
prashaasanik,प्रशासनिक,प्रशासनिक
mhagranth,महाग्रंथ,महागृणथ
kanthahar,कंठहार,कंठहर
mukhopadhyaya,मुखोपाध्याय,मुखोपाध्याय
bajaj,बजाज,बजज
uthaapatak,उठापटक,उठापतक
pruf,प्रूफ,र्फ
astin,आस्तीन,सस्तिन
bethnal,बेथनल,बेथनल
nokri,नोकरी,नोकरी
durdhara,दरदरा,दुर्धारा
saajan,साजन,साजन
jasmeet,जसमीत,जस्मीत
venkatraman,वेंकटरमन,वेंकट्रामण
utpan,उत्पन,उत्पान
nidhan,निधान,धिधन
daakhil,दाखिल,दाखिल
masur,मसूर,मसूर
sujen,सुजेन,सुजें
narmi,नरमी,नर्मी
sarganaon,सरगनाओं,सररगानाओं
item,आइटम,इतम
tip,टिप,पिप
dabhoi,डभोई,दभोई
fatma,फातमा,फटमा
atakta,अटकता,अतकता
aapka,आपका,आपका
pengolin,पैंगोलिन,पेंगोलीन
trot,ट्रॉट,त्रोत
malish,मालिश,मलीश
enthe,ऐंठे,नथे
jin,जीन,इं
pradhyapakon,प्राध्यापकों,प्राध्यापकों
pashtuun,पश्तून,पश्तुन
gsm,जीएसएम,स्म
wirerless,वायरलेस,वायरलेस
bhrantiyan,भ्रांतियां,भ्रंतीयां
pihani,पिहानी,पिहानी
asamany,असमान्य,असमान्य
mukhyamantri,मुख्यमंत्री,मुख्यमंत्री
langaron,लंगरों,लांगरों
ahirauli,अहिरौली,अहिरौली
ladki,लड़की,लड़की
ashriri,अशरीरी,शश्रीरी
complex,कॉम्प्लेक्स,पंप्ल्स
sooraj,सूरज,शूरज
nemo,नेमो,नेमो
lassi,लस्सी,लासि
nevedya,नैवेद्य,नेवेय
falitarth,फलितार्थ,फलितर्थ
las,लास्ट,सास
dhaaga,धागा,घागा
khene,खेने,एचने
ftii,एफटीआईआई,फ्टीइ
ligar,लिगर,लिगर
nectar,नेक्टर,नेक्टर
avarnata,अवर्णता,अवर्णता
rosario,रोसारियो,रोसरियो
udaanon,उड़ानों,उदानों
stithi,स्तिथि,स्तिथि
ladte,लड़ते,लड़ते
rehaana,रेहाना,रहाना
jhuthla,झुठला,झूठला
kanishtika,कनिष्ठिका,कानिष्टिका
dune,दूने,ुने
dukhiyon,दुखियों,दुख्यों
sim,सिम,सीम
phadphadata,फड़फड़ाता,फड़फड़ता
pr,पीआर,पर
jalbhraav,जलभराव,जलभ्राव
karta,कटरा,करता
baramde,बरामदे,बरामदे
thumari,ठुमरी,थुमारी
bapa,बापा,पापा
jamui,जमुई,जम्यूई
plan,प्लेन,प्लान
gatishilata,गतिशीलता,गतिशीलता
huin,हुईं,यून
naksalwad,नक्सलवाद,नकसालवाद
farmic,फार्मिक,फर्मिक
rajkot,राजकोट,रजकोत
bamba,बंबा,बंबा
uthne,उठने,उठने
jorhta,जोड़ता,जोर्ता
maason,मासों,मासों
sliders,स्लाइड्स,स्लीडर्स
jhalakti,झलकती,झलकति
jh,झ,झ
uttra,उत्तरा,उत्तरा
andheri,अंधेरी,अंधेरी
asharaphi,अशरफी,अशराफी
francisco,फ्रांसिस्को,फ्रांसीस्को
doonarpur,डूंगरपुर,दूनर्पुर
bakaayon,बकायों,बकायों
swikarte,स्वीकारते,स्वीकार्ट
visheshadhikar,विशेषाधिकार,विशेषाधिकार
jewellers,ज्वेलर्स,ज्वेलर्स
csi,सीएसआई,साइ
nanavati,नानावती,नननवती
duke,ड्यूक,ुके
nazarandaaj,नजरंदाज,नज़रंदाज
aagashe,आगाशे,अग़्षे
babat,बाबत,बबत
dayitva,दायित्व,दयीतव
jayalalitaa,जयललिता,जयललिता
vayna,वायना,यायना
ravle,रावले,रवले
soharai,सोहराई,सोहराई
aviral,अविरल,अवीरल
gaumukh,गौमुख,गौमुख
kundal,कुंडल,कुंदल
kinote,कीनोट,किनोट
adhiwas,अधिवास,अधिवास
apariharya,अपरिहार्य,अपरिहार्य
fulaaye,फुलाए,फुलाए
dhandhanya,धनधान्य,धंधन्या
emrald,एमरल्ड,एमरल्ड
mason,मासों,मासन
dikhla,दिखला,दिखला
updravion,उपद्रवियों,उपद्रवियों
bhranti,भ्रांति,भ्रंति
byaawa,ब्यावर,बयावा
punter,पंटर,पुनतर
padhaataa,पढ़ाता,पढ़ाता
nakam,नाकाम,अकम
bang,बंग,ंग
durdarshan,दूरदर्शन,दुर्दृषण
alliance,एलियंस,अलियेंस
atthaas,अट्टहास,एतथास
gandaki,गंडकी,गंदकी
ropne,रोपने,रोपने
khanikarmi,खनिकर्म,खनिकर्मी
samjhunga,समझूंगा,समझुंगा
maange,मांगे,मंगे
jubaan,ज़ुबान,बूबान
aryma,अर्यमा,र्यमा
azhar,अजहर,ज़हर
manjilein,मंजिलें,मंजीलें
jio,जीयो,जोर
chitthi,चिठ्ठी,चित्ति
rojvelt,रुजवेल्ट,रोजवेल्ट
pujapath,पूजापाठ,पुजापाथ
brajesh,ब्रजेश,ब्राजेश
singhade,सिंघाड़े,सिंहड़े
eksath,एकसाथ,एकसाथ
mood,मूड,ूड
pehla,पहला,पहला
ulte,उलटे,ुलते
amrohi,अमरोही,अमरोही
corridor,कोरिडोर,कॉरिडोर
jajaon,जजों,जजाओं
piloton,पायलटों,पिलोतों
tahkhana,तहखाना,तहखाना
manjila,मंजिला,मंजीला
kriyayog,क्रियायोग,क्रियायोग
marvad,मारवाड़,मार्वाद
saltanat,सल्तनत,सल्तनात
shaharwasiyon,शहरवासियों,शहरवासियों
nilabh,नीलाभ,निलाभ
jaddit,जड़ित,जाद्त
mehamaan,मेहमान,मेहमान
kant,कांट,ंट
dirham,दिरहम,दीरह्म
salahkaar,सलाहकार,सलाहकार
welder,वेल्डर,एल्डर
viththal,विठ्ठल,विथताह
jaatiyon,जातियों,जातियों
aalha,आल्हा,आल्हा
jassi,जस्सी,जससी
qazi,काजी,काजी
chauka,चौका,छौका
ruganta,रुग्णता,रुगनता
bakoul,बकौल,बकोल
vashikaran,वशीकरण,वशिकरण
raagon,रागों,रागों
registered,रजिस्टर्ड,रेजिस्टर्ड
ret,रेत,रेट
vimarsho,विमर्शों,विमार्शो
maine,मैने,माइन
borivali,बोरीवली,बोरिवाली
taoo,टाऊ,तूओ
aazmaanaa,आजमाना,आजमाना
dhuriyaa,धुरिया,धूरीया
asamaany,असमान्य,असमान्य
tel,तेल,टेल
cutlery,कटलरी,कटलरी
makhdumpur,मखदुमपुर,मखदुमपुर
farhin,फरहीन,फरहीन
abvp,एबीवीपी,अब्वप्प
udaane,उड़ाने,उदाने
sabhen,सभाएं,शभें
poonjikaran,पूंजीकरण,पूंजीकरण
mezabani,मेजबानी,मेजाबानी
simtata,सिमटता,सीमताता
dhaatuyein,धातुएं,धातुएं
vansh,वंश,ंश
suiyan,सूइयां,सुईयां
sanskaar,संस्कार,संस्कार
girijagharon,गिरजाघरों,गिरिजाघरों
urwarta,उर्वरता,उर्वरता
najeeb,नजीब,नजीब
pehno,पहनो,पहनो
raubadaar,रौबदार,रौबदार
greist,ग्रीस्ट,ग्रीस्ट
vlad,व्लाद,ल्लैड
hawamahal,हवामहल,हवामाहल
parimal,परिमल,परिमल
dubana,डुबाना,दुबाना
rihanna,रिहाना,रिहान्ना
nichalaa,निचला,निचला
budvig,बुडविग,बुड़विग
tuning,ट्यूनिंग,टुनिंग
kahane,कहने,खहाने
prativaad,प्रतिवाद,प्रतिवाद
kshin,क्षीण,श्षिण
samprti,संप्रति,संप्रति
scanning,स्कैनिंग,स्केनिंग
lakeer,लकीर,लेकर
tarafa,तरफा,तराफ़ा
vyatit,व्यतीत,व्यातित
gumaan,गुमान,गुमान
jatiyon,जातियों,जटियों
atkata,अटकता,तत्कता
majin,माजिन,मजीं
ginte,गिनते,गिंटे
reeta,रीता,रीता
jamaya,जमाया,जामाया
parnell,पार्नेल,पर्नेल
sandarbh,संदर्भ,संदर्भ
sarsaa,सरसा,सर्सा
girish,गिरीश,गिरिश
isht,इष्ट,शिष्ट
teer,तीर,ीर
bago,बागो,बगो
mithya,मिथ्या,मिथ्य
theaters,थियेटर्स,थीटर्स
peaking,पीकिंग,पीकिंग
royals,रॉयल्स,रॉयल्स
ashriton,आश्रितों,अश्रीतों
gayatri,गायत्री,गायत्री
sean,शॉन,इन
select,सलेक्ट,सेलेक्ट
thaharne,ठहरने,ठहरणे
baila,बैला,इइला
shrunkhla,श्रंखला,शृंखला
chhapemar,छापेमार,छापेमर
vajud,वजूद,वजुद
order,आर्डर,ोर्दर
killi,किल्ली,किल्ली
sheling,शेलिंग,शेलिंग
firti,फिरती,फिर्ती
khal,खाल,खाल
sataane,सताने,सताने
dhunai,धुनाई,ुनैई
ekatthi,इकठ्ठी,इकट्ठी
zarakh,जरख,जरख
birganj,बीरगंज,बीरगंज
pedia,पीडिया,पेड़िया
aparivartanshil,अपरिवर्तनशील,अपरिवर्तनशील
shud,शुड,उद
pijja,पिज्जा,पिज्जा
riya,रिया,रिया
jeremy,जेरेमी,जरीमी
convocation,कन्वोकेशन,कन्वोकेशन
kanal,कनाल,कनाल
ekaeyon,इकाईयों,इकाइयों
mhavidya,महाविद्या,महाविद्य
vash,वश,श
chandrabali,चंद्रबली,चंद्रबली
chheenk,छींक,छींक
sanasthit,संस्थित,सानस्थित
legaa,लेगा,लेगा
vidyaen,विद्याएं,विद्याएं
ghumakkadi,घुमक्कड़ी,घुमक्कादी
vedon,वेदों,वेदों
tantrikaon,तंत्रिकाओं,तंत्रिकाओं
dali,दली,दली
luis,लुईस,लुस
jeepney,जीपनी,जीपने
tugalaki,तुगलकी,तुगलाकि
uthane,उठने,उठाने
bella,बैला,बेला
lasoon,लहसुन,लासून
asurkshit,असुरक्षित,असूरक्षित
chest,चेस्ट,सेस्ट
karykartaaon,कार्यकर्ताओं,कार्यकत्राओं
siyasi,सियासी,सियासी
trebal,ट्रेबल,ट्रेबल
dhunaai,धुनाई,ुनाई
rantle,रेंटल,रंतले
ulemaon,उलेमाओं,उलेमाओं
tarashe,तराशे,तरराशे
two,टु,ट्वो
patavaari,पटवारी,पतावरी
pradarshan,प्रर्दशन,प्रदर्शन
shrinkhalaon,श्रंखलाओं,श्रृंखलाओं
kanishthikaa,कनिष्ठिका,कानिष्ठिका
yatna,यत्न,यातना
shrikhand,श्रीखंड,श्रीखंड
jerusalem,यरूशलेम,जरुर्लें
achchi,अच्छी,चच्ची
roomani,रुमानी,रूमनि
jue,जुए,जे
tarkon,तर्कों,तर्कों
vidyaaon,विद्याओं,विद्याओं
farsi,फारसी,फर्सी
maddy,मैडी,माद्द
rais,रईस,रायस
routing,रूटिंग,रॉउटिंग
lajjalu,लज्जालु,लजजलुल
mohani,मोहानी,मोहननी
amaanati,अमानती,अमानती
dukke,दुक्के,ुक्के
birth,बर्थ,रिर्थ
tambe,तांबे,तंबे
vrutton,वृत्तों,वृत्तों
gruhnagar,गृहनगर,गृहनागर
scala,स्काला,स्केला
weeks,वीक्स,इीक्स
jalvaayu,जलवायु,जलवायु
cpm,सीपीएम,प्पीएम
machaaye,मचाए,मचाए
navaa,नवा,नवा
wipro,विप्रो,विप्रो
shat,षट्,तात
venezuela,वेनेजुएला,वेनजयूला
chupaty,चौपाटी,चुपत्य
adhyaynrat,अध्ययनरत,अध्ययनरता
pathyakram,पाठ्यक्रम,पाठ्यक्रम
roopak,रूपक,रूपक
dekhoge,देखोगे,डेखोगे
sujhati,सुझाती,सुझाती
subhaay,सुभाय,भुभाय
vardhman,वर्द्धमान,वर्धमान
karykartaon,कार्यकर्ताओं,कार्यकार्ताओं
ilayachi,इलाइची,इलायची
saunpane,सौंपने,सौंपने
oxide,ऑक्साइड,कॉकीड
catlin,कैटलिन,केटलिन
dhakal,ढकाल,धकल
nrutyon,नृत्यों,ऋणतुओं
padmavati,पदमावती,पद्मावती
bahawalpur,बहावलपुर,बहवलपुर
longoval,लोंगोवाल,लोंगोवाल
taajaa,ताजा,ताजा
kaushalta,कौशलता,कौशलता
lbdh,लब्ध,लब्ध
charon,चारों,चरों
bhooli,भूली,भूलि
chanval,चांवल,चांवल
parafin,पैराफिन,पराफीन
kaping,कपिंग,कपिंग
lakshmighar,लक्ष्मीधर,लक्ष्मीघर
hijada,हिजड़ा,हीजड़ा
nandanvan,नंदनवन,नंदनवान
sajja,सज्जा,सज्ज
auchity,औचित्य,ऑचित्य
banaam,बनाम,बनाम
daisy,डेजी,एसईसी
nazraane,नजराने,नज़राने
gangajal,गंगाजल,गंगाजल
alps,ऐल्प्स,अल्प्स
pantar,पंटर,पंतर
half,हॉफ,हल्फ
jangadnaa,जनगणना,जंगदना
apvartit,अपवर्तित,अपवर्तित
anik,अनिक,नैंक
sanskurt,संस्कृत,सांस्कृत
balty,बाल्टी,बलल्टी
atmaen,आत्माएं,टतमें
chhaati,छाती,छाती
dardara,दरदरा,दरदरा
pravatti,प्रवत्ति,प्रवत्ति
menon,मैनन,मेनोन
mulchand,मूलचंद,मूलचंद
grandson,ग्रैंडसन,ग्रैंडसन
batlakar,बतलाकर,बतलाकार
asi,एएसआई,सी
baadhaaon,बाधाओं,बाधाओं
darjanon,दर्जनों,दर्जनों
aapkaa,आपका,आपका
heroes,हीरोज,हेरोज
rukavaton,रूकावटों,रुकावटों
dhasmaanaa,धस्माना,धस्माना
menu,मेनू,मीनू
ravael,रवैल,रवाल
narm,नरम,म्म
sanyojanon,संयोजनों,संयोजनों
utaney,उतने,उतने
beast,बीस्ट,बीस्ट
girati,गिरती,गिरती
laingadan,लैंगडन,लैंगड़न
gaen,गाएं,जेन
pib,पीआईबी,पिब
athak,अथक,थक
quete,क्यूट,क्वेट
theater,थियेटर,थीटर
chabutare,चबूतरे,चबुतरे
rajman,राजमां,राजमान
chikitsak,चिकित्सक,चिकित्सक
aanand,आनद,अनांद
putale,पुतले,पुटले
bantne,बंटने,टंटने
ishita,इशिता,इशीता
baraat,बरात,राात
mardon,मर्दों,मार्डों
mehman,मेहमान,हेम्मान
vaigyaanikta,वैज्ञानिकता,वैग्ञानिकता
lahrai,लहराई,लहराई
nicki,निकी,निकी
version,वर्शन,वर्सियन
sunaseer,सुनासीर,सुनाीर
samaadhaan,समाधान,समाधन
dhamma,धम्मा,धम्मा
maurya,मौर्या,मौर्य
jipani,जीपनी,जिपनी
chart,चार्ट,रेट
mahin,महीन,माहिन
kamate,कमाते,कमाते
rozlyn,रोजलिन,रोजल्लिन
dhokebaaj,धोखेबाज,धोकेबाज
dwaadas,द्वादश,द्वादस
dhokebaj,धोखेबाज,धोकेबाज
tied,टायर्ड,टीड
kaji,काजी,काजी
bhumi,भूमी,भूमि
panapnaa,पनपना,पनपना
bajrangi,बजरंगी,बजरंगी
vyaghat,व्याघात,व्याघात
navdha,नवधा,नवधा
nano,नैनो,ननो
pushkin,पुश्किन,पुश्किन
junagarh,जूनागढ,जनगरह
poker,पोकर,पोकर
sharabon,शराबों,शराबों
anaavashyak,अनावश्यक,अनावश्यक
maisachusets,मैसाचुसेट्स,मैसेचुसेट्स
vatar,वाटर,वतर
form,फार्म,फोर्म
tahkhaana,तहखाना,तहखाना
piki,पिकी,पिकी
bharani,भरनी,भरनी
hani,हानी,हनी
jay,जय,य
aamod,आमोद,आमोड़
ashrafi,अशरफी,अश्रफी
airway,एयरवे,यरवाय
vlc,वीएलसी,व्ल्स
naushad,नौशाद,नौशद
tasting,टेस्टिंग,तस्तिंग
bewkufana,बेवकूफाना,बेवकुफना
jadeite,जड़ित,जड़ीते
jeevraaj,जीवराज,जीवराज
tapti,ताप्ती,तप्ती
pyade,प्यादे,एसे
suryadev,सूर्यदेव,सुर्यदेव
louis,लुईस,लॉयस
alance,अलायंस,एलांस
hurricane,हरिकेन,हररिकने
arushi,आरुषि,अरुषि
ro,आरओ,रो
lairy,लैरी,लैरी
aarya,आर्य,आर्य
jaydayal,जयदयाल,जायदायल
mubarakpur,मुबारकपुर,मुबरकपुर
bhishm,भीष्म,भिक्ष्म
routine,रूटिंग,राउटिन
jood,जूड,ूड़
duvidhaayein,दुविधाएं,दुविधाएं
amuk,अमुक,मूक
manch,मंच,ंच
rushikul,ऋषिकुल,रुशिकलुल
sahuliyat,सहूलियत,सहूलियत
jamaanaa,ज़माना,ममाना
hasinon,हसीनों,हसिनों
sunasir,सुनासीर,सुनसीर
dhaarak,धारक,धारक
junooni,जुनूनी,जूनूनी
neco,नेको,नेको
kamau,कमाऊ,कमाऊ
manner,मैनर,मननर
banthiya,बांठिया,बंठिया
feeder,फीडर,फीडर
bakuu,बाकू,बकुऊ
pisaai,पिसाई,पिसाई
aagaman,आगमन,आगमन
korola,कोरोला,कोरोला
creg,क्रेग,र्टिज
vershan,वर्शन,वेर्शन
karam,करम,कराम
amjhera,अमझेरा,अमझेरा
chrom,क्रोम,रोमम
zee,ज़ी,जी
sajsajja,साजसज्जा,साजसजज
halchaal,हालचाल,हल्चाल
aadhaarit,आधारित,आधारित
balti,बाल्टी,बललती
saira,सायरा,सैरा
shmil,शमिल,शमील
baapaa,बापा,बापा
pendulam,पेंडुलम,पेंदुलाम
kamraj,कामराज,कमर्म
maap,माप,अप
standhaari,स्तनधारी,स्तैधारी
daratey,डराते,दरते
vise,वाइज,सिज
tuberkyulosis,ट्यूबरक्यूलोसिस,ट्बूकरुल्योसिस
tuesday,ट्यूजडे,टुएसे
pierson,पियरसन,पियर्सन
prahlad,प्रह्लाद,प्रहालाद
avru,अवरु,वरु
bimon,बीमों,बाइमन
jivaniyan,जीवनियां,जीवनियां
naraingarh,नारायणगढ़,नारंगढ़
takra,टकरा,टकरा
madhura,मढ़ौरा,माधुरा
chithhi,चिठ्ठी,चिथिही
watanukoollan,वातानुकूलन,वातनुकूललन
sandli,संदली,संदली
khajarana,खजराना,खजारणा
dum,डम,मूम
halchal,हालचाल,हल्चल
jinee,जिनी,जिनी
uplaksh,उपलक्ष्य,उपलाक्ष
ank,अंक,ंक
angaarak,अंगारक,अंगारक
swiftlate,स्विफ्टलेट,स्विफ्टलेट
mnaey,मनाए,नीय
palari,पलारी,पलारी
rasaayanik,रसायनिक,रसायनिक
gandki,गंडकी,गंदकी
soya,सोया,सोया
bhulo,भूलो,भुलो
melaanin,मेलानिन,मेलानिन
rangate,रंगते,नंगते
saraaha,सराहा,सराहा
vidhaaein,विद्याएं,विधाएं
anishwarwadi,अनीश्वरवादी,अनिष्वर्वदी
narayangadh,नारायणगढ़,नरायणगढ़
tufail,तुफैल,तुफैल
marmar,मरमर,मार्मर
nana,नना,नना
mundva,मुंडवा,मुंडवा
sapariwar,सपरिवार,सापरिवार
labada,लबादा,लबादा
bhogte,भोगते,भोगते
isaaiyon,ईसाइयों,इसाईयों
regal,रीगल,रेगल
tension,टेंशन,टेंसन
aawazon,आवाज़ों,आवाजों
aliens,एलियंस,अलीन्स
tapan,तपन,टापन
hong,हॉन्ग,होंग
virodh,विरोध,विरोध
amanth,अमानत,मानंत
parosane,परोसने,परोसने
pahnaakar,पहनाकर,पहनाकर
jaanch,जाँच,ांच
punjabiyon,पंजाबियों,पुंजाबियों
baldvin,बाल्डविन,बल्दवीन
arymaa,अर्यमा,अर्ममा
supachya,सुपाच्य,सुपाच्या
around,अराउंड,राउंड
angarh,अनगढ़,नंगढ़
simi,सिमी,सिमी
panchaang,पंचांग,पांचांग
taiboo,टैबू,तैबू
desai,देसाई,डेसेई
jatara,जतरा,जटरा
sukhti,सूखती,सुख्ती
stain,स्टैन,स्टेन
jalesar,जलेसर,जलेसर
bharatnatyam,भरतनाट्यम्,भरततनतयम
bahuchara,बहुचरा,बहुचरा
alphabet,अल्फ़ाबेट,अल्फाबेट
tankar,टंकार,तंकर
charcha,चर्चा,चर्चा
lemon,लेमन,लीमोन
trouble,ट्रेबल,ट्रबल
baahulya,बाहुल्य,बाहुल्य
chakshu,चक्षु,चक्षु
mohana,मोहाना,मोहना
vaishaakhi,वैशाखी,वैशाखी
dikhaai,दिखार्इ,दिखाई
avarodhak,अवरोधक,अवरोधक
sate,सते,टे
survin,सुरवीन,सूर्विन
submission,सबमिशन,सब्मिशन
ethan,ऐठन,इथान
deshke,देशके,देशके
dhokebaaz,धोखेबाज,धोकेबाज
mamuli,मामूली,मामुली
tyohaar,त्यौहार,त्योहार
shamitabh,शमिताभ,शमीतभ
rasaayanon,रसायनों,रसायनों
ganguly,गांगुली,गंगुल्य
sipahiyon,सिपाहियों,सिपहियों
bhulaa,भूला,भुला
sim,सीम,सीम
bagali,बागली,बगली
niyanta,नियंता,नियंता
bichhua,बिछुआ,भिछुआ
shrikar,श्रीकर,श्रीकार
charit,चरित,चरित
alayans,अलायंस,अलायंस
sahuuliyata,सहूलियत,सहूलियता
sisva,सिसवा,सिसवा
nehra,नेहरा,नेहरा
idle,आइडल,इडले
samanwayaka,समन्वयक,सामनवायका
ratanpur,रतनपुर,रतनपुर
machano,मचानों,मचानो
angraji,अंग्रज़ी,अंग्रजी
tadipaar,तड़ीपार,तदिपार
devapur,देवापुर,देवपूर
ravish,रविश,रवीष
neechaaee,नीचाई,नीचाई
dakhil,दाखिल,फ़िल
sweekarte,स्वीकारते,स्वीकर्ते
kapdo,कपड़ो,कपड़ो
welwet,वेलवेट,वेल्टी
aayojak,आयोजक,आयोजक
hijbul,हिजबुल,हिजबुल
roojwelt,रुजवेल्ट,रूजवेल्ट
avrodhk,अवरोधक,अवरोधक
landara,लंगड़ा,लंदरा
alha,आल्हा,लहा
egmore,एगमोर,एज्मोर
bhrantiyon,भ्रांतियों,भ्रंतियों
kmere,कमेरे,मीरे
traded,ट्रेडेड,ट्रेड्ड
ubuntu,उबंटू,उबूनतु
gatishil,गतिशील,गतिशील
sagrika,सागरिका,साग्रिका
pythogaras,पाइथागोरस,प्यथोगररस
oklahoma,ओक्लाहोमा,ओकलाहोमा
mauryon,मौर्यों,मौर्यों
prema,प्रेमा,प्रेमा
purvabhas,पूर्वाभास,पूर्वाभास
dwivedi,द्विवेदी,द्विवेडी
clock,क्लाक,स्लॉक
harpaal,हरपाल,हरपाल
nadep,नाडेप,नादप
ekaee,इकाई,एकी
agra,अग्र,गगरा
chalit,चालित,चलित
ikvitija,इक्विटीज,इक्वितिजा
dhairyavaan,धैर्यवान,धैर्यवान
bediyan,बेड़ियां,बेडियां
bhurbhura,भुरभुरा,भूरभुरा
fefda,फेफड़ा,फीफ्दा
awasthaen,अवस्थाएं,अवस्थाएं
naksalavaad,नक्सलवाद,नकसालवाद
padha,पढ़ा,धा
bahrupiya,बहरूपिया,बहरूपीय
bhoopsingh,भूपसिंह,भूप्िंह
nauvahan,नौवहन,नौवहान
awaazen,आवाज़ें,अवाजें
sfc,एसएफसी,फ्स
amit,अमित,मैट
chaplusi,चापलूसी,चपलुसी
attahasa,अट्टहास,अत्तहासा
shamadan,शमादान,शमादन
chhupta,छुपता,छुपता
shakhayen,शाखाएं,शाखाएं
mul,मूल,मूल
tharti,थर्टी,थर्ती
gajara,गजरा,गजारा
tiwari,तिवारी,तिवारी
vaimanasy,वैमनस्य,वैमानस्य
paheliyon,पहेलियों,पहेलियों
coldvel,काल्डवेल,कल्लवल
pied,पाइड,पाइड
dahal,दहल,दहाल
inhalation,इनहेलेशन,इन्हालेशन
harijan,हरिजन,हरिजन
vartaman,वर्तमान,वर्तमान
ia,ईए,एए
kiya,किया,किया
ditaa,दिता,दीता
johnson,जॉनसन,जोनसों
banam,बनाम,अनाम
panchang,पंचांग,पांचांग
thaki,थकी,थकी
khoya,खोया,खोया
jeenon,जीनों,जीनों
dharmnath,धर्मनाथ,धर्मनाथ
chhuptaa,छुपता,छुपता
darp,दर्प,डर्प
vanita,वनिता,वनीता
atthas,अट्टहास,एतथस
nidhaan,निधान,निधान
jheel,झील,झील
shmadan,शमादान,शमादन
jeevniyaan,जीवनियां,जीवनियां
economic,इकोनोमिक,इकोनोमिक
dhkal,ढकाल,ढकल
water,वाटर,वेटर
sharmana,शर्माना,शर्माणा
kaylana,कायलाना,काल्लाना
basava,बसावा,बसावा
asmanye,असमान्य,असमान्य
james,जेम्स,जैमेस
modern,मॉडर्न,मोडरन
aagaashe,आगाशे,आगाशे
atwaal,अटवाल,अतवाल
chhaviyaan,छवियाँ,छावियां
maulaviyon,मौलवियों,मौलवियों
apj,एपीजे,पाज
chlenge,चलेंगे,क्लेंगे
pisai,पिसाई,पिसाई
jagriti,जागृति,जगरीति
equador,इक्वाडोर,इक्वाउडर
chadhne,चढ़ने,छढ़ने
aloso,अलोंसो,अलोसो
kaldwell,काल्डवेल,कल्डवेल
chatushkoniya,चतुष्कोणीय,चटुशकोंहीय
last,लास्ट,लास्ट
bhadakaaya,भड़काया,भड़काया
urvarakon,उर्वरकों,उर्वारकों
trap,ट्रैप,र्प
racketeer,रैकेटियर,रैकेटर
suljaayi,सुलझाई,सुलजाई
naksal,नक्सल,नकसाल
bachat,बचत,फैथट
polish,पोलिश,पोलिश
shrankhalaaon,श्रंखलाओं,श्रृंखलाओं
khate,खाते,टते
medical,मेडीकल,मेडिकल
ahyan,आह्नान,हायन
chhetri,छेत्री,छेत्री
siddhivat,सिद्धवट,सिद्धिवत
sarkaa,सरका,सर्का
anka,अंक,कंका
jadd,जड़,जड़
hounga,होऊंगा,होंगा
lakhkhi,लख्खी,लख़खी
wesle,वेस्ले,वेल्स
equities,इक्विटीज,एक्विटीज
tantro,तंत्रों,तंत्रो
tarabai,ताराबाई,तराबाई
dabhra,डभरा,दभरा
aabantit,आबंटित,आबंतित
leaderon,लीडरों,लीडरों
gaytri,गायत्री,गायत्री
riggs,रिग्स,रिग्स
sandali,संदली,संदली
vaadak,वादक,अदक
failaea,फैलाइए,फैलाईए
achnera,अछनेरा,अचनेरा
pharth,फर्थ,पर्थ
tarkvaad,तर्कवाद,तर्कवाद
jaden,जड़ें,देें
deonar,देवनार,डियोरा
usi,उसी,उसी
dhaga,धागा,गागा
mode,मॉड,डोड
hindan,हिंडन,धिंदन
shasakon,शासकों,शासकों
vitthal,विठ्ठल,वित्थल
polimer,पॉलिमर,पोलीमर
udaanaa,उड़ाना,उदाना
polymer,पॉलिमर,पॉलीमर
laurense,लौरेंस,लॉरेंस
nirbadh,निर्बाध,निर्बध
chhootane,छूटने,छूटने
haaranaa,हारना,हरणा
khani,खनि,खानी
fact,फैक्ट,फैक्ट
sendha,सेंधा,एंधा
deepika,दीपिका,दीपिका
kruger,क्रूगर,क्रगेर
mehkane,महकने,मेखकने
ramtek,रामटेक,रमतेक
rahamat,रहमत,रहमत
lodi,लोदी,लोडी
dhona,धोना,धोना
deshkal,देशकाल,देशकल
trijta,त्रिजटा,त्राइटाा
rugna,रुग्ण,रुग्न
raghupati,रघुपति,रघुपति
agha,आग़ा,घाघा
boriwali,बोरीवली,बोरिवाली
cup,कप,पप
mancheeye,मंचीय,मांचीय
satpal,सतपाल,सत्पाल
somi,सोमी,सममी
narsanharon,नरसंहारों,नरसानारों
dang,दंग,ंग
ilaj,इलाज,इलाज
gochar,गोचर,गोचर
raajneetikaran,राजनीतीकरण,राजनीतिकरण
less,लैस,लेस
bavji,बावजी,बावजी
sankhyayen,संख्याएं,संख्याएं
murjha,मुर्झा,मूरझा
jivaniya,जीवनियां,जीवनीय
parishad,परिषद,परिशद
phalibhoot,फलीभूत,फलीभूत
avaigyanik,अवैज्ञानिक,अवैग्ञानिक
prakkathan,प्राक्कथन,प्रक्कठान
ravel,रवैल,रेवल
immune,इम्युन,इम्यून
udakishuganj,उदाकिशुनगंज,उदक्षिषांज
namdhari,नामधारी,नमधारी
rawail,रवैल,रावेल
shararat,शरारत,शरारत
bombi,बांबी,बोमबी
bechkar,बेचकर,बेचकर
follow,फ़ॉलो,फोलो
charton,चार्टों,चरतों
sweccha,स्वेच्छा,स्वेच्छा
mol,मोल,मल
jaanam,जानम,जन्म
peranormal,पैरानॉर्मल,पररानोर्मल
batlaakar,बतलाकर,बतलाकर
pagla,पगला,पगला
channa,चन्ना,ननना
lakme,लक्मे,लकमे
moolon,मूलों,मूलों
udghosh,उदघोष,उद्घोष
aarushi,आरुषि,आरुषि
moolchand,मूलचंद,मूलचंद
usaki,उसकी,उसकी
hamalavar,हमलावर,हमलावर
apriyary,अपरिहार्य,अप्रियर्य
ata,आटा,टा
vibhram,विभ्रम,विभराम
judae,जुड़ाई,जुदाए
peelepan,पीलेपन,पीलेपन
chhure,छुरे,छुरे
jerry,जैरी,जररी
apardarshi,अपारदर्शी,अपरदर्शी
parda,पर्दा,परदा
superhit,सुपरहिट,सुपरहित
ludhkate,लुढ़कते,लुढ़कते
nikaalni,निकालनी,निकालनी
avisvasniya,अविश्वसनीय,अविस्वासनीय
sanjivan,संजीवन,संजीवन
prashasanon,प्रशासनों,प्रशासनों
manto,मंटो,मंटो
halla,हल्ला,हल्ला
joki,जोकि,जोकी
ludhakate,लुढ़कते,लुढ़कते
pharmacy,फार्मेसी,फर्माक्य
beerganj,बीरगंज,बीरगंज
chaukhate,चौखटे,चौखते
ear,इअर,यर
anthak,अनथक,ंथक
bechakar,बेचकर,बेचकर
thki,थकी,घकी
batlaaye,बतलाए,बतलाए
kankar,कंकड़,कंकर
hamala,हमला,हमला
gajipur,गाजीपुर,गजीपुर
baapa,बापा,अपपा
bavaji,बावजी,बावजी
chhavi,छवी,छावी
diaries,डायरीज,डायरीज
navvadhu,नववधू,नववाू
shaantikaal,शांतिकाल,शांतिकाल
kut,कूट,कूट
eyarve,एयरवे,यरवे
jatatee,जताती,जटती
bung,बंग,गंग
amzera,अमझेरा,अमजेरा
saptakranti,सप्तक्रांति,सप्तक्रातिण
duak,ड्यूक,ुक्क
pachata,पचाता,पचाता
samjhoonga,समझूंगा,समझोंग
judaai,जुड़ाई,जुडाई
wanshwad,वंशवाद,वांशवाद
yaatanaon,यातनाओं,यातनाओं
sathiya,साथिया,साथिया
jayadayal,जयदयाल,जयदायल
lutf,लुत्फ,लूटफ
pahani,पहनी,पहनी
aadhunik,आधुनिक,आधुनिक
jutee,जुटी,जुटी
pathykram,पाठ्यक्रम,पाठयक्रम
rehana,रेहाना,रहाना
vikramjeet,विक्रमजीत,विक्रमजीत
moryon,मौर्यों,मोरियों
roosevelt,रुजवेल्ट,रूज़वेल्ट
khanik,खनिक,खानिक
brijesh,ब्रजेश,बृजेश
sat,सत,त
samanjasy,सामंजस्य,समांजस्य
welding,वेल्डिंग,वेल्डिंग
semin,सेमिन,सेमिन
nominate,नॉमिनेट,नोमीनेट
stop,स्टॉप,स्टोप
mud,मूड,मद
liberation,लिब्रेशन,लिबरेशन
pace,पेस,सेस
mulon,मूलों,मूलों
bhavishya,भविष्य,भविष्य
khattapan,खट्टापन,खट्टापन
weldor,वेल्डर,वेल्डर
phurti,फूर्ति,फूर्ती
pagalaa,पगला,पगाा
hoshangabaad,होशंगाबाद,होशनगाबाद
stan,स्तन,त्तें
bavra,बावरा,बावरा
met,मेट,मीट
badhayi,बढ़ायी,बधायी
bhukhi,भूखी,भुखी
shatpath,शतपथ,शत्ताथ
kankad,कंकड़,कंकड़
pahantaa,पहनता,पहांता
ladaaiyon,लड़ाईयों,लड़ायों
vibhrm,विभ्रम,विभर्म
thiyeters,थियेटर्स,थियेटर्स
massachusetts,मैसाचुसेट्स,मैसेचुसेट्स
hault,हाल्ट,हल्ट
fulay,फुलाए,फूलाय
bheed,भीड़,भीड
tadipar,तड़ीपार,तदिपर
kalapi,कालपी,कलापि
neg,नेग,एंग
domenic,डोमेनिक,डोमेनिक
jalgti,जलगति,जलगगी
audyogikarana,औद्योगिकरण,औद्योगिकारण
fawaara,फव्वारा,फवारा
sitaram,सीताराम,सितारम
stre,स्ट्रे,स्ट्रे
osaka,ओसाका,सोका
pahante,पहनते,पहांते
updravi,उपद्रवी,उपद्रवी
zarda,जर्दा,जर्दा
simtataa,सिमटता,सिमताता
badhata,बढ़ाता,धधता
laurens,लौरेंस,लारेंस
chhudaane,छुडाने,छुड़ाने
sanyojan,संयोजन,संयोजन
gujarta,गुजारता,गुजरता
salve,साल्वे,लाेव
mohim,मोहिम,मोहिम
tasir,तासीर,तससिर
chaudhawan,चौदहवां,चौधावन
kasimabad,कासिमाबाद,कसीमाबाद
khurasan,खुरासान,खुरसन
westinghouse,वेस्टिंगहाउस,विस्टिंहाउस
end,ऐंठ,नेड
navjagran,नवजागरण,नवजाग्रण
nichala,निचला,निचला
shrabon,शराबों,श्रबों
jad,जड़,द
ripon,रिपन,रिपों
ronaldo,रोनाल्डो,रोनाल्डो
badhaataa,बढ़ाता,बधाता
shrimati,श्रीमति,श्रीमति
juti,जुटी,जुटि
langda,लंगड़ा,लंगदा
wrapping,रैपिंग,वापिंग
naxal,नक्सल,नेकल
vidhivat,विधिवत,विधिवत
sriram,श्रीराम,रीराम
gujare,गुजारे,गुजरे
ankhon,अंकों,अंखों
katthai,कत्थई,कट्ठाई
neto,नेटो,नेतो
mooth,मूठ,मूठ
nitiyon,नीतियों,नितियों
lakshy,लक्ष्य,लक्ष्य
ahsaas,एहसास,हाशास
shaun,शॉन,ढौन
achievement,अचीवमेंट,अचिवेमेंट
saga,सागा,गागा
fodo,फोड़ों,फोडो
vyagra,व्यग्र,व्याग्र
chauda,चौड़ा,छौड़ा
rakhe,राखे,खें
teji,तेजी,तेजी
antaha,अंतः,नतंह
kamjor,कमज़ोर,कमजोर
slide,स्लाइड,स्लाइड
sealed,सील्ड,सीलेड
oran,ओरण,रोन
arya,आर्यो,र्य
bikaneri,बीकानेरी,बिकनेरी
solicitor,सॉलिसिटर,सोलीकिटर
agusta,अगस्ता,अगुस्ता
purjon,पुर्जों,पुर्जों
maisor,मैसोर,मैसोर
akhand,अखंड,खंड
allah,आल्हा,अल्लाह
radical,रैडिकल,रेडिकल
katra,कटरा,कटरा
varn,वर्ण,वर्न
gopichand,गोपीचंद,गोपिचंद
wattson,वाटसन,वा्टसों
arica,एरिका,अरिका
failaiye,फैलाइए,फैलाइए
ghataya,घटाया,घटाया
sarahind,सरहिंद,सराहिंद
niveshkarta,निवेशकर्ता,निवेशक्रता
khinchkar,खींचकर,खिंचकर
moolar,मूलर,मूलर
jagruti,जागृति,जगरूति
mantriyon,मंत्रियों,मंत्रियों
kushan,कुषाण,कुशन
chhallaa,छल्ला,छल्ला
dhundhata,ढूंढता,धुंधता
vaangchuk,वांगचुक,वांछचूक
moodi,मूडी,मूड़ी
ipad,आईपैड,पाड
datsun,डैटसन,दत्सून
vaishnodevi,वैष्णोदेवी,वैश्नोदेवी
kritika,कृतिका,कृतिका
sandrbhon,संदर्भों,संद्रभों
scaining,स्कैनिंग,स्केनिंग
shabana,शबाना,शबाना
aesthetics,एस्थेटिक,एस्थेटिक्स
emailon,ईमेलों,इमेलों
wade,वेड,डे
dayitvon,दायित्वों,दयरित्वों
farrukhabad,फर्रुखाबाद,फररुखाबाड़
vishwasniiyataa,विश्वसनीयता,विश्वसनीयता
fransiska,फ्रांसिस्का,फ्रांसिस्का
jgaayega,जगाएगा,गगाएगा
frost,फ्रॉस्ट,फ्रॉस्ट
raajon,राजों,राजों
time,टाइम,टीम
kshetron,क्षेत्रों,क्षेत्रों
naukari,नोकरी,नौकरी
udaanen,उड़ानें,उदानें
aakash,आकाश,आकाश
balla,बल्ला,बल्ला
packagon,पैकेजों,पककागों
loge,लोगे,गेज
vyapak,व्यापक,व्यापक
paltane,पलटने,पलटने
purvaabhaas,पूर्वाभास,पूर्वाभास
kasida,कसीदा,कसीदा
sabhayen,सभाएं,सभाएं
kabr,कब्र,कबर
sapat,सपाट,पात
slides,स्लाइड्स,स्लाइड्स
thanvi,थानवी,थानवी
bantane,बंटने,ंटाने
canals,कनाल,केनल्स
reson,रेसों,रेसोन
buzy,बिजी,बुज्य
shujaat,शुजात,शुजात
vibhajak,विभाजक,विभाजक
arpit,अर्पित,अर्पित
mahamantr,महामंत्र,महामंत्र
vidhansabhaen,विधानसभाएं,विधानसभाएं
badam,बदाम,दामा
kide,कीड़े,कीड़े
advaitvaad,अद्वैतवाद,अदवैत्वाद
winter,विंटर,विंटर
pardesiyon,परदेसियों,पर्देशियों
bagd,बगड़,बगद
quantico,क्वांटिको,क्वांटिको
tremasik,त्रैमासिक,त्रीमासिक
jira,जीरा,जीरा
denevali,देनेवाली,देनेवाली
nagin,नागिन,नागिन
kanyayen,कन्याएं,कन्याएं
ajit,अजित,जजित
kapda,कपड़ा,कपड़ा
kathore,कठोर,कथोरे
reja,रेजा,रेजा
slidon,स्लाइडों,स्लीडों
longewal,लोंगोवाल,लोंगेवाल
eddi,एड्डी,एडडी
jaghaega,जगाएगा,जगाएगा
rambharosey,रामभरोसे,रामभारोसी
slice,स्लाइस,स्लीक
shrankhala,श्रंखला,श्रृंखला
utne,उतने,उतने
gae,गए,ए
dhundhta,ढूंढता,धनधता
basin,बेसिन,बसीन
retreate,रीट्वीट,रेट्रेट
prashikshu,प्रशिक्षु,प्रशिक्षु
nigger,निगर,निगर
raktabh,रक्ताभ,रक्तभ
vimarshon,विमर्शों,विमार्शों
fisla,फिसला,फिस्ला
kshitij,क्षितिज,क्षितिज
maule,मौले,मले
kile,क़िले,किले
beejak,बीजक,बीजक
adhiik,अधीक,अधिक
antmurkh,अंतर्मुख,अंतरूर्ख
anuchit,अनुचित,अनुच्छित
sabhyata,सभ्यता,सभ्यता
rupesh,रुपेश,रूपेश
chaurai,चौरई,चौराई
alba,अल्बा,अल्बा
dhaak,धाक,अक
khurapka,खुरपका,खुरापका
nabja,नब्ज़,नब्जा
kanti,कांति,कंति
asamanjasy,असामंजस्य,असमंज्य
samalakha,समालखा,समालखा
khaate,खाते,खाते
dvivedi,द्विवेदी,द्वीवेडी
rapping,रैपिंग,रैपिंग
simatta,सिमटता,सिमात्ता
visheshan,विशेषण,विशेषण
masse,मस्से,ससे
hilne,हिलने,इलने
goswami,गोस्वामी,गोस्वामी
parloron,पार्लरों,पर्लोरों
tapoowo,टापुओं,तपूवो
tansen,तानसेन,टंसें
bhraantiyan,भ्रांतियां,भ्रांतीयां
self,सेल्फ,सेल्फ
sanyukta,संयुक्ता,सान्युक्त
sathsath,साथसाथ,सथथसाथ
ghumakkdon,घुमक्कड़ों,घुमक्कड़ों
piky,पिकी,पिक्य
deji,डेजी,देजी
sukhati,सूखती,सुखाती
dah,दाह,हह
vicharakon,विचारकों,विचारकों
lakiron,लकीरों,लककिरों
janjaagran,जनजागरण,जनजाग्रन
pakshapat,पक्षपात,पक्षपत
mubarkpur,मुबारकपुर,मुबर्कपुर
phus,फूस,अस
reza,रेजा,रेजा
masoor,मसूर,मसूर
chetti,चेट्टी,चेत्ति
gazipur,गाजीपुर,गाजीपुर
shumali,शुमाली,शुमाली
hooper,हूपर,हूपर
dak,डाक,क
jenner,जेनर,जनेर
bangash,बंगश,बंगाश
cubes,क्यूब्स,कबबेस
wolv,वाल्व,लवल
gayitri,गायत्री,गैयत्री
lti,एलटीई,लटी
janganna,जनगणना,जनगणना
kihatkati,खटकती,किहाटकी
greg,ग्रेग,ग्रेग
badhotri,बढ़ोतरी,बढ़ोत्री
karyabhar,कार्यभार,कार्यभार
barsata,बरसाता,बरसाता
upbhokta,उपभोक्ता,उपभोक्त
badhachadhakar,बढ़ाचढ़ाकर,बाधचाखाकर
lindn,लिंडन,इल्न
alind,अलिंद,अलींड
sapraman,सप्रमाण,सप्रमाण
sakra,सकरा,साकरा
vinit,विनीत,विनिट
apnani,अपनानी,अपनानी
katrina,कैटरीना,कटरिना
kusumalta,कुसुमलता,कुसुमालता
parshad,पार्षद,परराधाद
churcha,चर्चा,चूरचा
symons,साइमंस,सायमनस
lalkarata,ललकारता,ललकराता
bostan,बॉस्टन,बोस्तन
hemwati,हेमवती,हेमवाती
mold,मोल्ड,मोल्ड
jhuthlane,झुठलाने,झूठलने
lindan,लिंडन,लिंदन
sandrbh,संदर्भ,संद्रभ
virchand,वीरचंद,विरचंद
rishicool,ऋषिकुल,ऋषिकूल
isaiyon,ईसाइयों,इसाइयों
lavasa,लवासा,लवासा
bhusvami,भूस्वामी,भूसवामी
nehara,नेहरा,नहरा
ghuman,घुमाण,घूमन
chandu,चंदू,चंदु
vasharan,वर्शन,वशारण
nirdeshika,निर्देशिका,निर्देशिका
jeera,जीरा,जीरा
bag,बाग,गग
jvar,ज्वार,वरर
formuley,फार्मूले,फोर्मूले
orion,ओरियन,ऑरियन
slash,स्लैश,लाश
chauki,चौकी,चौकी
dhyeyavaadi,ध्येयवादी,ध्येयवादी
machanon,मचानों,मचानों
official,ऑफिशियल,ऑफिसियल
himali,हिमाली,हिमाली
bipin,बिपिन,बिपिन
pulse,पल्स,पुलसे
vesh,वेश,वेश
pik,पिक,पिक
dubaana,डुबाना,दुबाना
alaps,ऐल्प्स,अलैप्स
ishaara,इशारा,िशारा
shirke,शिर्के,रीके
paraadheen,पराधीन,पराधीन
ovum,ओवम,वूम
bhookh,भूख,भूख
yatnaon,यातनाओं,यातनाओं
rojlin,रोजलिन,रोजलीन
association,एसोसिएशन,एसोसिएशन
kapdon,कपड़ो,कपड़ों
maheman,मेहमान,महेमान
failkar,फैलकर,फैलकर
poojapath,पूजापाठ,पूजापाथ
saraahi,सराही,सराही
hilane,हिलने,हिलने
deshkaal,देशकाल,देशकाल
shetron,क्षेत्रों,श्तेत्रों
dabhara,डभरा,दभारा
shantikal,शांतिकाल,शांतिकल
avi,अवि,इवी
bhagaane,भगाने,भागाने
edan,एडेन,इडन
thirty,थर्टी,थिर्टी
pardaa,पर्दा,परदा
merraige,मैरेज,मरेज
emelon,ईमेलों,इमलों
anand,आनद,ननंद
mukartey,मुकरते,मुकर्ते
amogh,अमोघ,ममोघ
piyegaa,पिएगा,पिएगा
fusion,फ्यूजन,फुशन
krantiyon,क्रांतियों,क्रांटियों
marriage,मैरेज,मारिजे
sev,सेव,सेव
chi,ची,सी
marji,मर्जी,मर्जी
nora,नोरा,नोरा
ujback,उज़्बेक,उज्बैक
nityaa,नित्या,नित्या
punargathan,पुनर्गठन,पुनर्गठान
robin,रोबिन,रोबिन
agyat,अज्ञात,अज्ञात
nigar,निगर,निगर
urwarakon,उर्वरकों,उर्वारकों
bagh,बाग,घघ
dhandhaanya,धनधान्य,धंधान्य
venkataraman,वेंकटरमन,वेंकटरमण
kurvi,कर्वी,कुर्वी
suken,सुजेन,सुकें
thikane,ठिकाने,ठीकने
bolane,बोलने,बोलने
bisva,बिस्वा,बिस्व
naam,नाम,ाम
katlary,कटलरी,कटलर्य
chiththi,चिठ्ठी,चित्ति
shamil,शमिल,शमील
singar,सिंगार,सिंगर
cricket,क्रिकेट,क्रिकट
mhathir,महाथिर,महाहिर
adhyayanrat,अध्ययनरत,अध्ययन्रत
urff,उर्फ,अर्फफ
iaan,इआन,ायन
anton,एंटोन,अंटों
perafin,पैराफिन,पेराफिन
besin,बेसिन,बेसिन
vanshdhar,वंशधर,वांशधार
mehmaan,मेहमान,मेहमान
uchhalane,उछालने,उचलछने
sagarika,सागरिका,सागरिका
ajmeedh,अजमीढ़,अजमीध
thengaa,ठेंगा,थेंगा
saayn,सायं,ाायन
prativadi,प्रतिवादी,प्रतिवादी
napa,नापा,पापा
tivolee,टिवोली,तिवोली
tyred,टायर्ड,टायर्ड
taste,टेस्ट,तस्ते
avishvasniya,अविश्वसनीय,अविश्वासनीय
nikhar,निखर,निखर
tughlaq,तुगलक,टुघलाक
baldwin,बाल्डविन,बल्लवीन
beaulad,बेऔलाद,बुलाद
laganewale,लगनेवाले,लगनेवाले
aakaash,आकाश,आकाश
premlata,प्रेमलता,प्रेमलाता
vaigyaanik,वैज्ञानिक,वैग्ञानिक
bhulon,भूलों,भुलों
nasim,नसीम,नसीम
kathor,कठोर,कथोर
kabra,कब्र,कबरा
takravon,टकरावों,तकरावों
eliminator,एलिमिनेटर,एलिमिनेटर
anawashyak,अनावश्यक,अनावश्यक
pataakshep,पटाक्षेप,पताक्षेप
abut,एबट,अबूत
phoos,फूस,ऊस
saptkraanti,सप्तक्रांति,सप्त्करंति
fulae,फुलाए,फूलाई
packajon,पैकेजों,पककाजों
godara,गोदारा,गोदरा
vajood,वजूद,वजूद
chandon,चंदों,चंदों
vyavadhan,व्यवधान,व्यवधान
lagna,लगना,लगना
rudolf,रुडोल्फ,रूडोल्फ
thirake,थिरके,रीरके
raghuram,रघुराम,रघुरम
dastaanaa,दस्ताना,दस्ताना
paathshaalaayein,पाठशालाएं,पाठशालाएं
varddhaman,वर्द्धमान,वर्द्धमन
dhari,धारी,धरी
amarpaal,अमरपाल,अमरपाल
farookhabad,फर्रुखाबाद,फरुखाबाड़
elaaj,इलाज,इलाज
sandarbhon,संदर्भों,संदर्भों
siera,सिएरा,सीरा
gatisheel,गतिशील,गतिशील
east,ईष्ट,एस्ट
dangerous,डेंजरस,डांगरोस
sunega,सुनेगा,सननगा
vidyaayein,विद्याएं,विद्याएं
chatagaon,चटगांव,चटागाओं
hostess,होस्टेस,होस्टेस
napane,नापने,नपने
julmon,जुल्मों,जुल्मों
saanketika,सांकेतिक,सांकेतिका
bhoogol,भूगोल,भूगोल
labeling,लेबलिंग,लेबेलिंग
mundwa,मुंडवा,मुंडवा
championship,चैंपियनशिप,चैंपिशंपिप
convention,कन्वेंशन,कन्वेशन
pummi,पम्मी,पुम्मी
khanikarm,खनिकर्म,खानीकर्म
udan,उड़ान,उदन
jardaa,जर्दा,जर्दा
kavvaliyon,कव्वालियों,कववलियों
route,रूट,रुटते
vyabhichari,व्यभिचार,व्याभिचारी
tse,त्से,से
batlae,बतलाए,बतलाई
kaushal,कौशल,कौशल
aastik,आस्तिक,आस्तिक
tuglakabad,तुगलकाबाद,तुगलाबाद
robinson,रॉबिंसन,रॉबिंसन
carfi,कार्की,कारफी
theharne,ठहरने,ठहरणे
pratiyon,प्रतियों,प्रतियों
vyavdhan,व्यवधान,व्यवधान
roopi,रूपी,रूपि
testing,टेस्टिंग,टेस्टिंग
jagayega,जगाएगा,जगाएगा
nelsan,नेल्सन,नेल्सन
stra,स्ट्रे,स्त्रा
boliye,बोलिए,बोलिय
gammat,गम्मत,गम्मत
karachana,करछना,कराचना
jeeyo,जीयो,जीयो
jamaaya,जमाया,जमाया
tonga,टोंगा,टोंगा
barpaya,बरपाया,बारपाया
chithrkar,चित्रकार,चित्रकर
bahav,बहाव,बहव
pranon,प्राणों,प्रणों
batlaye,बतलाए,बतलाए
rukte,रुकते,रुक्ते
baadhaon,बाधाओं,बाधाओं
bilai,बिलाई,बिलाई
shakir,शाकिर,शकीर
shaavakon,शावकों,शावकों
singhde,सिंघाड़े,सिंहडे
race,रेस,से
favvaron,फव्वारों,फववारों
addi,एड्डी,एडी
fortis,फोर्टिस,फॉर्टिस
deepsingh,दीपसिंह,दीपसिंह
maryaadaaon,मर्यादाओं,मर्यााओं
roni,रोनी,रोनी
divy,दिव्य,िवय
jgayegaa,जगाएगा,गजाएगा
hafate,हांफते,फाते
kushaan,कुषाण,कुशान
vatanukulan,वातानुकूलन,वातानुकुलन
putlaa,पुतला,पुतला
hamal,हमाल,हमल
cadmium,कैडमियम,कैडमियम
aapdaein,आपदाएं,आपदाएं
tejaji,तेजाजी,तेजजीजी
pythagoras,पाइथागोरस,प्यथागोरस
vediyon,वेदियों,वेडियों
sargana,सरगना,सरगना
wanon,वाणों,वानों
pigs,पिग्स,पाइस
tainin,टैनिन,तैनीन
helper,हेल्पर,हेल्पर
beem,बीम,इम
surinaam,सूरीनाम,सुरीनाम
jurab,जुराब,जूरब
bhate,भाते,भते
zulmon,जुल्मों,जुल्मों
pichde,पिछड़े,चिचड़े
sarkaren,सरकारें,सर्करें
udane,उड़ाने,उदने
akhil,अखिल,खिल
mithilanchal,मिथिलांचल,मिथिलेंचल
chauk,चौक,ौक
baji,बाज़ी,बाजी
tenis,टेनिस,टेनिस
dukhit,दुखित,दुखीत
kathfodve,कठफोड़वे,कथफोड़वे
aata,आटा,टता
paranormal,पैरानॉर्मल,परानोर्मल
satane,सताने,ततने
kaldvel,काल्डवेल,कल्दवेल
theni,थेनी,थीनी
awaru,अवरु,वारु
dhkelate,धकेलते,धकेलते
bholi,भोली,भोली
tik,टिक,टीक
muhavre,मुहावरे,मुहावरे
nabj,नब्ज़,नब्ज
baarahamaasee,बारहमासी,बारहमासी
atke,अटके,टके
janjagran,जनजागरण,जनजाग्रण
girkar,गिरकर,गिरकर
dhiryawaan,धैर्यवान,धीर्यान
karoor,करूर,करूर
sapney,सपने,पनेे
sarka,सरका,सर्का
andhapan,अंधापन,धंधपन
mange,मांगे,ंगे
chhekein,छींके,छेकें
robin,राबिन,रोबिन
rasayanika,रसायनिक,रसायनिका
denevaali,देनेवाली,देनेवाली
avishvasniy,अविश्वसनीय,अविश्वासनीय
rahmat,रहमत,रहमत
bhogatey,भोगते,भोगते
sabhaen,सभाएं,शभाएं
fadfadata,फड़फड़ाता,फदफैदता
maajin,माजिन,माजिन
facial,फेशियल,फासियल
karanj,करंज,कररंज
zalzale,ज़लज़ले,जलजले
jenny,जेनी,एने
moody,मूडी,ूड़्य
faansi,फांसी,फांसी
antah,अंतः,नंतह
vadali,वडाली,वाडली
sanskritiyon,संस्कृतियों,संस्कृतियों
algavwaadi,अलगाववादी,अलगाववादी
achivement,अचीवमेंट,अचिवेमेंट
profit,प्रॉफिट,प्रोफिट
mod,मॉड,डोड
chaalit,चालित,चालित
scooteron,स्कूटरों,स्कूटरों
mtec,एमटेक,मैक
favvare,फव्वारे,फववारे
marathi,मराठी,मरती
baitul,बैतूल,बैटल
simatataa,सिमटता,सिमाताता
chhe,छै,एए
kusumalataa,कुसुमलता,कुसुमालता
module,मॉड्यूल,मोडले
rasaayanika,रसायनिक,रसायनिका
prapti,प्राप्ती,प्रप्ति
wedding,वेडिंग,वेडिंग
chaturdik,चतुर्दिक,चटुर्दिक
kusumlata,कुसुमलता,कुस्लमाता
naseem,नसीम,नसीम
ladaai,लड़ाई,लड़ाई
lootmaar,लूटमार,लूटमार
malaga,मलागा,मलगा
nagaaraa,नगाड़ा,नगरा
nirdharit,निर्धारित,निर्धारित
akapulko,अकापुल्को,अकपुल्कों
divyata,दिव्यता,दिव्याता
dam,डम,म
durghtna,दुर्घटना,दुर्घटना
truck,ट्रक,र्टक
astik,आस्तिक,अस्तिक
bhara,भरा,भरा
maulviyon,मौलवियों,मौलवियों
semen,सेमिन,सेमें
retweet,रीट्वीट,रेटवीट
fermion,फर्मिऑन,फर्मियन
carat,कैरेट,रैट
swarupon,स्वरुपों,स्वरूपों
ashvtth,अश्वत्थ,अश्वत्थ
dreijer,ड्रेजर,द्रेजर
wicket,विकेट,विकेट
kumawat,कुमावत,कुमावत
hoaf,हॉफ,हैफ
kanishthika,कनिष्ठिका,कानिष्ठिक
vitthal,विट्ठल,वित्थल
shrunkhlaon,श्रंखलाओं,शुंखलाओं
bhay,भय,याय
soma,सोमा,ज़मा
colan,कोलन,कलन
chhagla,छागला,छगला
dikhaain,दिखाईं,दिखाइं
brighton,ब्रिगटन,ब्रिघटन
anhoni,अनहोनी,अनहोंनी
aavrittiyon,आवृत्तियों,अवृत्तियों
tribunal,ट्रिब्यूनल,त्रिबुनल
pooranpur,पूरनपुर,पूराणपुर
gujarna,गुजारना,गुजरना
amanathi,अमानती,ममानी
vardhmaan,वर्द्धमान,वर्धमान
log,लोग,लग
vaisaakh,वैशाख,वैसाख
amargarh,अमरगढ़,अमररगढ़
vruton,वृत्तों,वृतों
lime,लाइम,लाइम
chhetthari,छेत्री,छेत्तरी
bhumi,भुमि,भूमि
lidaron,लीडरों,लिदारों
pummy,पम्मी,फम्मी
roots,रूट्स,रूटस
munafa,मुनाफा,मुनफफा
biswa,बिस्वा,बिस्वा
usmein,उसमें,उस्में
picture,पिक्चर,पिक्चर
isayiyon,ईसाइयों,इसाइयों
mardanagi,मर्दानगी,मर्दानीग
taapti,ताप्ती,तापति
jaat,जात,अात
vaan,वाण,ान
swarthparak,स्वार्थपरक,स्वर्थपाक
kisani,किसानी,किसनी
erika,एरिका,एरीका
xm,एक्सएम,प्सम
vitark,वितर्क,वितरक
sthul,स्थूल,स्थल
satti,सत्ती,सत्ती
jalagati,जलगति,जलागित
taseer,तासीर,तसीर
jaawar,जावर,जावार
packard,पैकर्ड,पककर्ड
zamaanaa,ज़माना,जमाना
phaaph,फाफ,फाह
britain,ब्रिटेन,ब्रिटाइन
fringe,फ्रिंज,फ्रिंगे
sheli,शैली,शेली
dual,ड्युअल,दुआल
aasan,आसान,आसन
dikhai,दिखाईं,दिखाई
aanad,आनद,नाद
mahagranth,महाग्रंथ,महागृणथ
drupad,ध्रुपद,र्पुड़
corolla,कोरोला,कोरल्ला
mukhyopadhyaay,मुखोपाध्याय,मुख्योपद्याय
amadan,आमदन,मादन
jobs,जॉब्स,जोबस
ikaiyon,इकाईयों,इकाइयों
awazon,आवाज़ों,अवाजों
libration,लिबरेशन,लिब्रेशन
karki,कार्की,कर्की
juber,जुबेर,जुबर
short,शोर्ट,शोतत
westing,वेस्टिंग,वेस्टिंग
gadadhar,गदाधर,गद्धार
ginee,जिनी,गिनी
nischal,निश्चल,निश्छल
pinta,पिंटा,पींता
abhishap,अभिशाप,अभिषाप
contemporary,कंटेम्पररी,कंटेपोर्यरी
vivekahin,विवेकहीन,विवेकहीन
mezbaani,मेज़बानी,मेबबानी
sipah,सिपाह,सिपाह
junoon,जुनून,जूनून
jin,जिन,इं
okalahoma,ओकलाहोमा,ओकलाहोमा
badali,बदली,बदली
amanati,अमानती,अमानती
nikaalani,निकालनी,निकालनी
bhanu,भानू,भानु
robertsan,रॉबर्टसन,रॉबर्ट्सन
reshey,रेशे,रेशेय
sanchalanon,संचालनों,संचलनों
prahsan,प्रहसन,प्रहासन
ved,वेड,एड
biggest,बिगेस्ट,बाइग्स्ट
physician,फिजिशियन,फिसिसियन
sahakalaakar,सहकलाकार,सहकााकर
daakhile,दाखिले,ड़खिले
doordarshan,दूरदर्शन,दूरदर्शन
macbook,मैकबुक,मैक्क
maalish,मालिश,मालिश
ardaas,अरदास,अर्दास
mejbaani,मेज़बानी,मेबबानी
kanyaein,कन्याएं,कन्याएं
muth,मूठ,मूठ
lendal,लेंडल,लेनदाल
khilana,खिलाना,खिलना
rasyanik,रसायनिक,रस्यानिक
lindbhed,लिंगभेद,लिंदभेद
jaatak,जातक,अतक
brigton,ब्रिगटन,ब्रिगटन
aryo,आर्यो,रेयो
racing,रेसिंग,रैसिंग
dipan,दीपन,दीपन
kundaliya,कुंडलियाँ,कुंदलीय
chenkein,छींके,चेंकें
dikhaiye,दिखाइये,दिखाइए
rugan,रुग्ण,रुगन
divya,दिव्य,दिव्या
kamaljeet,कमलजीत,कमलजीत
karur,करूर,करूर
gemhagehmi,गहमागहमी,गमहाघमी
zubair,जुबेर,जुबैर
durgun,दुर्गुण,दुर्गुण
chheter,छेत्र,छेतेर
istife,इस्तीफे,सिस्टी
visheshaadhikaar,विशेषाधिकार,विशेषाधिकार
kankar,कंकर,कंकर
liger,लिगर,लाइजर
taras,तरस,तरस
jenrick,जेनरिक,जेनरिक
advait,अद्वैत,अद्वैत
sthitiyaan,स्थितियां,स्थितियां
gunga,गूंगा,गुंगा
talbagaar,तलबगार,तलबागार
want,वांट,ंत
sapate,सपाटे,पते
vipro,विप्रो,विप्रो
artha,अर्थ,र्था
dikhaai,दिखाईं,दिखाई
emerald,एमरल्ड,एमरलल्ड
lagnevaaley,लगनेवाले,लगनेवाले
talawon,तलवों,तलावों
niki,निकी,निकी
saval,सवाल,सावल
gujara,गुजारा,गुजरा
putul,पुतुल,पुतुल
udanon,उड़ानों,उदानों
khayen,खाएं,याएं
sametti,समेटती,सैमेटि
opel,ओपेल,पेल
fatane,फटने,फटने
veronica,वेरोनिका,वरोनिका
chanwal,चांवल,चांवल
vartamaan,वर्तमान,वर्तमान
naraji,नाराजी,नराजी
vaimanasya,वैमनस्य,वैमानस्य
amavasya,अमावस्या,अमावस्या
ratrichar,रात्रिचर,रतरिचार
baalti,बाल्टी,बालती
dhokebaz,धोखेबाज,धोकेबाज
duvidhaaen,दुविधाएं,दुविधाएं
navvadhoo,नववधू,नववाूू
uthen,उठें,उठेन
arthon,अर्थों,अर्थों
janajagran,जनजागरण,जनजाग्रण
baramad,बरामद,बरामद
baabat,बाबत,बाबत
chatunshkoniy,चतुष्कोणीय,चटुंशकोनिय
bairakpur,बैरकपुर,बैरापकुर
hisham,हिशाम,धिषम
karghe,करघे,कररेज
sapaat,सपाट,पाात
pharse,फरसे,पार्से
packageon,पैकेजों,पैकागें
ounce,आउंस,उंस
kazi,काजी,काज़ी
subhay,सुभाय,भुभय
devaapur,देवापुर,देवापुर
avantipur,अवंतिपुर,अवंतिपूर
neet,नीट,नीट
prathmiki,प्राथमिकी,प्रथमिकी
chhahon,छहों,छाहों
urf,उर्फ,उरफ
gin,जिन,इंन
squash,स्क्वैश,स्काश
manae,मनाए,माने
lalla,लल्ला,लाल्ला
junagadh,जूनागढ,जनगाढ़
maryaadaa,मर्यादा,मर्याा
asaamnjsy,असामंजस्य,असामंज्य
bikherati,बिखेरती,बिखेरती
swap,स्वैप,व्वप
purzon,पुर्जों,पुर्जों
dikhaaee,दिखाईं,दिखाई
bagli,बागली,बगली
herald,हैराल्ड,हेरलल्ड
aalhaa,आल्हा,आल्हा
bilae,बिलाई,बिलाई
mejbani,मेजबानी,मेबबनी
girjaghar,गिरजाघर,गिरजाघर
samoa,सामोआ,समोआ
sahab,साहब,सहाब
badhaaon,बाधाओं,बढ़ाओं
chhupakar,छुपकर,छुपकर
vasearche,वर्साचे,वासर्चे
gajra,गजरा,गजरा
kacche,कच्चे,च्चेे
aajmana,आजमाना,आजमाना
vangchuk,वांगचुक,वांछचूक
sanskari,संस्कारी,संस्करी
jaayke,जायके,अयके
lahsun,लहसुन,लाहसुन
jamati,जमाती,जमती
mehram,मेहराम,मेहराम
langdon,लैंगडन,लांगड़ों
ropane,रोपने,रोपने
vije,वाइज,विज
chaupati,चौपाटी,चौपति
apavartit,अपवर्तित,अपवर्तित
dardraa,दरदरा,दरद्रा
ikarion,इकाईयों,इकरियों
sanyog,संयुक्त,सन्योग
tranjister,ट्रांजिस्टर,ट्रांजीस्टर
kumau,कुमाऊ,कुमौ
avaigyanic,अवैज्ञानिक,अवैज्ञेनिक
rabha,राभा,रभा
chakkar,चक्कर,चक्कर
niketan,निकेतन,निकेतन
laigikata,लैंगिकता,लैगिकता
tapuon,टापुओं,टपूओं
dukanon,दुकानों,दुकानों
sanghanit,संघनित,संघनीत
rate,रेत,रेट
verbal,वर्बल,वर्बल
adain,एडेन,दैदन
mtake,एमटेक,टेक
mardo,मर्दों,मार्डो
chauguni,चौगुनी,चौगुनी
parishadiy,परिषदीय,परिशदीय
dayitwa,दायित्व,दयितवा
prativad,प्रतिवाद,प्रतिवाद
mauma,मौमा,मौमा
test,टेस्ट,टीस्ट
dayitv,दायित्व,दयित्व
lakshya,लक्ष्य,लक्ष्य
asphalt,एस्फाल्ट,अस्फलत
thakkar,ठक्कर,ठक्कर
jassee,जस्सी,जसी
baadhit,बाधित,बाधित
samvedikaran,संवेदीकरण,संवेदिकरण
ishak,इशाक,शाक
jeevant,जीवंत,जीवांत
dikhai,दिखायी,दिखाई
mardaani,मरदानी,मर्दानी
aswabhavik,अस्वभाविक,अस्वाभाविक
beni,बैनी,बेनी
tughlakabad,तुगलकाबाद,तुघलाबाद
racketier,रैकेटियर,रैकेटर
suba,सूबा,सुबा
dhtuen,धातुएं,धटुएं
sawaal,सवाल,सावल
ria,रिया,रिआ
ibiza,इबीजा,इबिजा
bandhuon,बंधुओं,बंधुओं
chadar,चादर,चड़र
vibram,विभ्रम,विब्राम
chhudane,छुडाने,छुड़ाने
ananti,अनंती,अनांति
jhalkati,झलकती,झलकति
aparivartanshali,अपरिवर्तनशील,अपरिवर्तनशल्
neetiyon,नीतियों,नीतियों
alankar,अलंकार,अलंकर
bekabu,बेकाबू,बेकाू
shervasiyon,शहरवासियों,शेरवासियों
simate,सिमटे,सीमेट
bisawan,बीसवां,बीसवान
tuglak,तुगलक,टुगलाक
samjhungaa,समझूंगा,समझुंगा
ganapati,गणपति,गणपति
cps,सीपीएस,प्स
amitav,अमिताव,अमीताव
mahakne,महकने,महाकने
plus,पल्स,प्लस
jalbhrav,जलभराव,जलभराव
khaastaur,ख़ासतौर,खास्तौर
nirdeshikaa,निर्देशिका,निर्देशिका
saathsaath,साथसाथ,साठसाथ
parwa,परवा,पार्वा
media,मिडिया,मेडिया
pathshalayein,पाठशालाएं,पथशशालयें
banbi,बांबी,बनबी
rajinaama,राजीनामा,राजीनामा
very,वैरी,वर्य
nishchal,निश्चल,निश्चल
falibhut,फलीभूत,फलीभूत
raith,रैथ,रैठ
dork,डॉर्क,डर्क
hadauti,हाड़ौती,हड़ति
jhil,झील,झिल
granthiyaan,ग्रंथियां,ग्रांठियां
gujarana,गुजारना,गुजराना
navjaagaran,नवजागरण,नवजागरण
sneakers,स्नीकर्स,स्नेकर्स
nations,नेशंस,नेशनस
lux,लक्स,लक्स
kamottejana,कामोत्तेजना,कमोत्तजेजना
jheelon,झीलों,घीलों
raees,रईस,रीज
lengdan,लैंगडन,लेंगडन
bechate,बेचते,बेचते
amod,आमोद,मोड
teekon,टीकों,टीकों
lenewali,लेनेवाली,लेनेवाली
da,दा,ए
ghumakkdi,घुमक्कड़ी,घुमक्कदी
lochdar,लोचदार,लोचदार
paathyakramon,पाठ्यक्रमों,पाठयक्रमों
ghoonsa,घूंसा,घूंसा
mool,मूल,ूल
padrauna,पडरौना,पद्रौणा
angarak,अंगारक,अंगरक
dolne,डोलने,डोलने
phode,फोड़े,डोड
upneta,उपनेता,उपनेता
haldi,हल्दी,हल्दी
aapadaaaen,आपदाएं,आपदाएं
als,एएलएस,लाल्स
ekaki,एकाकी,इकाकी
january,जनवरी,जनुअर्य
root,रूट,रूट
mhajan,महाजन,महाजन
swachalit,स्वाचालित,स्वचालित
siddhwat,सिद्धवट,सिद्धवत
bajaru,बाजारू,बजारू
niptaaraa,निपटारा,निपटारा
bosan,बोसान,बोसन
jadit,जड़ित,जाड़ित
jhalla,झल्ला,झलला
narbhakshi,नरभक्षी,नरभक्षी
quebec,क्यूबेक,क्वेक
aapdayein,आपदाएं,आपदाएं
entone,एंटोन,एंटोन
routes,रूट्स,राउतेस
upadrawon,उपद्रवों,उपद्रवों
unatees,उनतीस,उनतेस
neat,नीट,नीट
singhre,सिंघाड़े,सिंहरे
busy,बिजी,सुस्य
sarahi,सराही,सराही
manchiy,मंचीय,मांचिय
aadaan,आदान,आदान
ayodhyanaath,अयोध्यानाथ,अयोध्यनाथ
prarup,प्रारूप,प्रारूप
lapetane,लपेटने,लैपटेन
jiwan,जीवन,जिवान
scootaron,स्कूटरों,स्कूटरों
nichla,निचला,निचला
jalgati,जलगति,जलगति
asvabhavik,अस्वभाविक,अस्वाभाविक
sinabang,सिनाबंग,सिनांग
baagiyon,बागियों,बागियों
tikamgarh,टीकमगढ़,तिकमगढ़
alochak,आलोचक,अलोचक
barahsinga,बारहसिंगा,बराहसिंग
taantaa,तांता,तांता
jogging,जॉगिंग,जोगिंग
patki,पटकी,पत्की
bangsh,बंगश,बंग्श
grist,ग्रीस्ट,ग्रिस्ट
masaledaar,मसालेदार,मसलेदार
gyapit,ज्ञापित,ज्ञापित
ishara,इशारा,िशरा
generate,जेनरेट,जेनरेट
aden,एडेन,डेन
recreation,रिक्रिएशन,रिक्रीटन
seaten,सीटें,सीएं
liidaron,लीडरों,लिइडरों
grihnagar,गृहनगर,गृहनागर
funding,फंडिंग,फंडिंग
ayodhyanath,अयोध्यानाथ,अयोध्यनाथ
gomke,गोमके,गमके
sanvedikaran,संवेदीकरण,संवेदिकरण
kursiyon,कुर्सियों,कुरसियों
rowan,रोवन,रोवन
baawaraa,बावरा,बावरा
nadsa,नक्सल,नदसा
paramparikata,पारंपरिकता,पररमपरिकता
atharv,अथर्व,ठर्व
mhapran,महाप्राण,महाप्रण
